g2_id,g2_nam,g2_dnam
1000,现金存入类,现金存入类摘要
1001,商品销售,商品销售收入
1002,代售书本,学校代售书本收入
1003,伙食收入,单位伙食费收入
1004,药费收入,医疗机构药费收入
1005,勤工俭学,学校勤工俭学产品收入
1006,餐饮收入,饮食业收入
1007,旧房收入,拆旧房变卖废料收入
1008,其他销售,其他商品性销售收入
1009,燃油费,加油站燃油
1010,医疗器材,医疗器材收入
1011,政府性基金,其他政府性基金收入
1020,交通运输,交通运输、交通工具租赁收入
1021,文化教育,文化教育收入
1022,医疗卫生,医疗卫生收入
1023,学杂费,学杂费收入
1024,公共事业,公共事业收入
1025,文娱收入,文娱收入
1026,生活服务,生活服务收入
1027,手续费,手续费收入
1028,管理费,管理费收入
1029,住房公积,住房公积金、保证金收入
1030,邮政电信费,邮政电信、网络服务费用收入
1031,社保基金,养老统筹、失业保险、生育基金、医疗保险、农村合作医疗等社保收
1032,其他服务,其他服务性收入
1033,酒店营业款,无法区分来源的酒店营业
1034,工资性收入,工资性收入
1050,财税收入,税款、财政性收入
1051,行政收费,行政收费
1052,国土管理费,国土资源部门收取的土地租赁费、配套费、土地登记费、征地管理费
1053,城建规划费,城建、房管部门收取的城市规划费、产权登记费收入
1054,司法收费,公安、司法部门收取的户籍、机动车、年检、公证、诉讼费用收入
1055,卫生许可费,卫生监测、卫生许可费收入
1056,进网许可费,信息产业部的进网许可费收入
1057,注册登记费,工商行政管理部门收入的企业注册登记等各种手续费、管理费收入
1058,其他行政费,各种工本费、评审费、培训费、考务费、招聘费、检验费、报关费和
1059,交通建设费,公路养路费、铁路建设基金、机场建设费收入
1060,教育基金,文教部门附加、教育基金收入
1061,党费收入,党费收入
1062,团费收入,团费收入
1063,工会费,工会费收入
1064,多支退款,多支退款收入
1065,售房收入,售房收
1066,罐装液化气,罐装液化气
1067,房租水电,房租、水电、采暖等收入
1068,保险费收入,保险公司的保费收入
1069,典当行收入,典当行业的收入
1070,捐献赞助收,个人捐献、赞助收入
1071,购房保证金,购房保证金
1072,管道煤气,管道煤气收入
1073,验资款收入,企业和个人验资款
1074,个贷款归还,归还个人贷款收入
1075,销售国债款,代理销售国债款
1076,销售基金款,代理销售基金款
1077,个人投资款,个人投资款
1078,个人借款,个人借款
1080,取现冲正,单位结算户柜台取现交易冲正
1091,银行手续费,银行收取客户的手续费
1092,汇款及收费,客户交存的汇款本金及手续费
1093,银行收费,我行收取客户的费用
1099,其他收入,其他收入
2000,现金支出类,
2001,工资奖金,国家工资及奖金支出
2002,个人其他,国家对个人其他支出
2003,部队存款,部队存款支出
2004,其他工资,其他单位工资性支出
2005,加班工资,加班、加点工资
2006,补贴津贴,不受物价上涨支付的各种补贴、工资性津贴
2007,交通补贴,上下班交通补贴及洗理费
2008,洗理费支出,洗理费
2009,离退休工资,离休、退休、退职人员待遇的各项支出
2010,伙食补助,伙食补助费、误餐补助
2011,保险赔偿,保险公司对个人的赔偿支出
2012,集体民营,集体民营企业工资奖金
2020,工矿产品,工矿产品采购支出
2021,农副采购,农副产品采购支出
2051,差旅费,差旅费支出
2052,水电费,水电费支出
2053,邮电费,邮电费支出
2054,流通费,商品流通费支出
2055,车辆费,车辆使用费支出
2056,修理费,修理费支出
2057,书报费,书报费支出
2058,印刷费,印刷费支出
2059,其他费用,其他管理费支出
2061,备用金,备用金
2062,党费支出,党费支出
2063,团费支出,团费收入
2064,工会费支出,工会费支出
2065,捐献赞助支,个人捐献、赞助支出
2066,保险费支出,各种保险（车险、人身险等）支出
2071,汇款支出,解付给客户的汇款
2074,个贷款支取,提取个人贷款支出
2075,兑付国债款,代理兑付销售国债款
2076,基金赎回款,代理赎回销售基金款
2080,存现冲正,单位结算户柜台存现交易冲正
2099,其他支出,其他支出
3000,现金收付类,
3001,个体经营,城乡个体经营收支
3011,储蓄存款,储蓄存款收支
3021,其他同业,其他金融机构收支
3031,居民贷款,居民贷款收支
3041,邮局汇兑,邮局汇兑收支
3051,有价证券,有价证券收支
3061,储蓄备用金,储蓄代办所备用金
3071,兑换外币,兑换外币收支
3081,现金调剂,现金调剂
3082,新旧系统,新旧系统现金调缴
3083,系统内调缴,系统内现金调缴
3091,同业往来,同业往来
3101,发行库,人行发行库往来
3111,业务库,国家银行业务库往来
3121,信用社,信用社及其他银行往来
3131,其他银行,其他股份制银行往来
3141,其他同业,其他非银行金融机构往来
3200,其他收支,其他收入、支出
8000,普通转账类,普通转账类摘要码
8001,手工转账,手工转账
8002,手工冲补账,手工冲补账
8003,余额结转,余额结转
8010,货款,货款
8011,往来款,往来款
8012,赔款,赔款
8013,税款,税款
8014,退税,退税
8015,还款,还款
8016,收费,收费
8050,公司卡消费,公司卡消费收入
8051,银联交易本,银行卡ATM＆POS本金
8052,ATM手续费,银行卡ATM手续费
8053,POS手续费,银行卡POS手续费
8054,跨行查询费,银行卡ATM手续费＆跨行查询费
8055,信用卡回佣,信用卡回佣
8056,收单品牌费,银联品牌服务费－收单
8057,发卡品牌费,银联品牌服务费－发卡
8058,银联品牌费,银联品牌服务费
8059,预借现金费,信用卡预借现金手续费
8061,对账长款数,银行卡对账长款数
8062,对账短款数,银行卡对账短款数
8063,长款调账数,银行卡对账长款系统调账数
8064,短款调账数,银行卡对账短款系统调账数
8065,异常交易挂,银行卡异常交易挂账
8066,长短款轧差,银行卡对账长短款和调账轧差
8070,转上日余额,结转40150971余额至40150979
9000,表外核算类,表外核算类摘要码
9001,表外核算,表外核算
A3HA,大额存单,大额存单预约
A3HB,大额存单,大额存单认购
A3I1,手工结息,个人账户手工结息
ABBA,转投资户,结算户转投资户
ABBB,转结算户,投资户转结算户
ABBC,投资户回款,投资户回款
ABBD,投资户出款,投资户出款
ABBF,ABBF,ABBF
ABC4,421清理,421清理
ABFE,SAP过账,SAP过账
ABFT,结售汇,结售汇系统
ABFW,委托购汇,委托购汇
ABMR,401归集,网点401，421余额归集到分行会计部
ABNS,资金运作,人民币资金运作
ABPJ,深圳影像票,深圳票据交换影像系统
ABSC,外币存借,外币上存下借
ACFT,FTP损益,FTP损益
ACMV,移存手续,账户异地移存手续费
ACSP,汇总清算,银联代理一卡通交易汇总清算
ACTF,冻结扣划,冻结扣划
ACTO,缴存准备金,缴存准备金
ACVT,预提增值税,预提增值税
ACW1,VAT计提,增值税总账计提
ACWL,余额结转,账户余额定期自动结转
ACXZ,询证函,公司客户银行询证函业务
ACYT,损益结转,年终结转损益
ACZZ,冲补账,冲补账处理
AG01,一网通代发,一网通代发
AG02,一网通代扣,一网通代扣
AG03,代扣入账,一网通代发扣款入账
AG04,代发退款,一网通代发余款退回
AG10,速汇易付款,速汇易代发-付款2G摘要
AG11,速汇易退票,速汇易代发-退票2G摘要
AG12,速汇易退款,速汇易代发-退款2G摘要
AGAF,住房公积金,代发住房公积金
AGAM,救济金,代发救济金
AGAN,养老金,代发养老金
AGAO,差旅费,代发差旅费
AGAP,交通费,代发交通费
AGAQ,通讯费,代发通讯费
AGBJ,保健费,代发保健费
AGBM,保密费,代发保密费
AGBN,奖金,代发奖金
AGBS,奖学金,代发奖学金
AGBT,批量支付,批量支付
AGBX,报销款,报销款
AGCI,资本受益,代发资本受益
AGCP,加班费,代发加班费
AGCT,车贴,代发车贴
AGDP,代发业务,代发业务
AGDY,递延奖,代发递延奖金
AGFE,代发费用,代发手续费
AGFH,分红款,代发分红款
AGGL,综合代发,综合代发款项
AGGZ,改制费,单位改制费
AGHF,医疗费,代发医疗费
AGIB,继承赠与款,代发继承赠与款
AGIS,保险费,代发保险费
AGJX,干部绩效奖,干部绩效奖
AGKH,烤火费,代发烤火费
AGLX,现金池利息,现金池利息
AGNF,网上交易费,网上交易费
AGOC,境外调账,国际借记卡境外交易调账
AGOT,其它,代发其它
AGPF,费用,费用代发
AGPL,代发个贷,代发个人贷款
AGPO,POS清算款,代发POS清算款
AGPS,农副品销售,代发农副产品销售
AGPY,工资,代发工资
AGQS,对公清算,对公清算
AGRD,退款,代发时，合作方余款退还
AGRT,债产权转让,代发债产权转让
AGSB,社保金,代发社保金
AGSD,补贴费,代发补贴费
AGSH,款项,批量支付款项
AGSS,住房补贴,代发住房补贴
AGST,证券期货款,代发证券期货款
AGSV,劳务费,代发劳务费
AGTB,纳税退还款,代发纳税退还款
AGTR,信托返还,代发信托返还资金
AGWF,福利费,代发福利费
AGWT,委托支付,代发委托支付
AGYB,医保代发,广州医保代发
AGYJ,佣金,佣金
AGZF,住房公积金,代发住房公积金
AGZH,综合代发,综合代发款
AGzc,年金超网,年金超网
AGzy,年金大小额,年金大小额
AJTF,应付计提,应付利息计提
AJTR,计提冲账,应收应付户口冲账
AJTS,应收计提,应收利息计提
AJTX,应付利息划,应付利息划转
AK01,代扣水费,代扣水费
AK03,代扣税费,代扣税费
AK04,批量代扣,批量代扣
AK05,代扣其他,代扣其他
AK06,代扣煤气费,代扣煤气费
AK07,代扣移话费,代扣移动电话费
AK08,代扣电话费,代扣电话费
AK09,代扣电视费,代扣电视费
AK10,代扣物管费,代扣物业管理费
AK11,代扣按揭款,代扣按揭贷款
AK12,退电话初装,退电话初装费
AK13,退电费,退电费
AK14,退燃气费,退燃气使用费
AK15,退水费,退水费
AK16,退市话费,退市内电话费
AK17,退IP话费,退IP电话费
AK18,退能源卡费,退能源卡加油费
AK19,退消费贷款,退消费贷款
AK20,退保险费,退保险费
AK21,退租赁费,退房屋租赁费
AK22,退物管费,退物业管理费
AK23,退清洁费,退清洁费
AK24,退租服费,退租赁服务费
AK25,退保安费,退保安服务费
AK26,退有线电视,退有线电视费
AK27,退排水费,退排水费
AK28,退长途话费,退长途电话费
AK29,退网关费,退网关业务费
AK30,保险陪付金,保险陪付金
AK31,退土地使用,退土地使用费
AK32,退移动话费,退移动电话费
AK33,退排污费,退排污费
AK34,退数据通信,退数据通信费
AK35,排水费,排水费
AK36,直饮水费,直饮水费
AK37,退代理记账,退代理记账服务费
AK38,退线路月租,退线路月租费
AK39,长途电话费,长途电话费
AK40,数据通讯费,数据通讯费
AK41,线路月租费,线路月租费
AK42,代维费,代维费
AK43,网络使用费,网络使用费
AK44,信息服务费,信息服务费
AK45,电信业务费,电信业务费
AK46,IP电话费,IP电话费
AK47,电子商务费,移动电子商务费
AK48,能源卡油费,能源卡加油费
AK49,退代维费,退代维费
AK50,消费贷款,消费贷款
AK51,网关业务费,网关业务费
AK52,土地使用费,土地使用费
AK53,大厦管理费,大厦管理费
AK54,退网络费,退网络使用费
AK55,租赁服务费,租赁服务费
AK56,保安服务费,保安服务费
AK57,电梯维保费,电梯维修保养费
AK58,股东服务费,股东服务费
AK59,押运服务费,押运服务费
AK60,退信息服务,退信息服务费
AK61,消费贷款,消费贷款
AK62,社会保险费,社会保险费
AK63,医疗保险费,医疗保险费
AK64,失业保险费,失业保险费
AK65,福利彩票金,付福利彩票资金
AK66,报考费,报考费
AK67,学杂费,学杂费
AK68,保教费,保教费
AK69,代记账服务,代理记账服务费
AK70,出版物订费,出版物订费
AK71,传输认证费,安全传输认证费
AK72,工商行政费,工商行政管理费
AK73,商检费,商检费
AK74,排污费,排污费
AK75,小额批扣,小额批量业务扣款
AK76,公共事业费,公共事业费（中间业务平台缴费）
AK77,污水费,污水费
AK78,垃圾费,垃圾费
AK79,超计划水费,超计划水费
AKAF,年金管理费,批量扣收年金管理费
AKBT,批量代扣,批量代扣
AKCK,代扣费用,通用的代扣费用（触发特定通知信息）
AKCL,传呼费,代扣传呼费
AKCN,清洁费,代扣清洁费
AKCT,定贷清算,深圳定期贷记业务清算
AKFE,代扣费用,代扣手续费
AKGS,煤气费,代扣煤气费
AKGT,代扣汇总,代扣费用汇总过账
AKHS,数字电视,代扣华数数字电视
AKIL,扣贷款利息,批量代扣贷款利息
AKIS,保险费,代扣保险费
AKLI,扣贷款本息,代扣委托贷款本息
AKLN,按揭款,代扣按揭款
AKMB,手机费,代扣手机费
AKMN,物业管理费,代扣物业管理费
AKNT,上网费,代扣上网费
AKOT,其他,代扣其他
AKPA,境外扣费,国际借记卡境外交易费用
AKRM,房租,代扣房租
AKRZ,融资款,代扣融资款
AKSF,扣贷款本金,批量代扣贷款本金
AKSI,航空票款,航空票款
AKSS,社保费,社会保险费
AKST,学费,代扣学费
AKTE,电费,代扣电费
AKTI,出租车规费,代扣出租车规费
AKTL,电话费,代扣电话费
AKTV,有线电视费,代扣有线电视费
AKTW,水电费,代扣水电费
AKTX,税费,代扣税费
AKWD,代扣业务,代扣业务
AKWT,水费,代扣水费
AKYB,医保代扣,广州医保代扣
ALH0,冻结,冻结
ALO0,透支额度,透支额度管理
ALR0,预留,预留
AMBR,余额上收,上收401/421账户余额
AWA1,增值税上划,增值税金上划汇缴机构
AWA2,进项税转出,增值税进项税转出
AWA3,转未交税金,增值税转未交税金
AWA4,增值税附加,计提增值税附加
AWA5,附加税冲账,附加税计提冲账
AWA7,转应缴税金,未交转应缴税金
AXYK,预处理过账,信用卡预处理系统自动过账
BACA,账务调整,账务调整
BACL,核销或有,核销或有资产负债
BADL,转贴现买入,票据转贴现买入
BADP,电票逆回购,电票逆回购买入返售交易记账
BADS,票据直贴,票据直贴
BAEB,电票转贴现,电票转贴现买卖交易记账（含行内）
BAEC,电票直贴,电票直贴交易记帐
BAEG,电票摊销,电票摊销交易记账
BAEI,电票补收息,电票补收利息交易记账
BAEO,电票回款,电票提示付款回款交易记账
BAEP,电票转卖断,电票正回购卖出到期转卖断交易记账
BAER,电票正回购,电票正回购买卖交易记账
BAEV,电票转逾期,电票转逾期交易记账
BAEX,电票非dvp,电票贴现买入非DVP交易记账
BAFE,托管收费,票据托管费扣收
BAIB,投资票据,投资票据
BAIC,资金登记,资金登记
BAII,票据回款,票据回款
BAIJ,非标利息计,非标利息计提
BAIN,托收回款,票据托收回款
BAIP,投资回款,投资回款
BAIR,投资资金归,投资资金归还
BAIS,系统内转贴,系统内转贴交易
BANC,非标资产结,非标资产结清
BANR,非标资产登,非标资产登记
BARD,赎回票据,票据直贴赎回
BASL,转贴卖出,票据转贴卖出
BATP,电票转买断,电票逆回购买入到期转买断交易记账
BATR,退电票付款,电子商业汇票线下付款被退回
BATS,托管托收,托管票据回款划转至持票人账户
BAZS,卖断被追索,卖断被追索
BBDP,跨行存款,跨行存款
BBDW,跨行取款,跨行取款
BBFE,跨行费用,跨行通存通兑费
BGBY,储债认购,储蓄国债认购
BGBZ,储债认购,储蓄国债（包销）认购
BGP1,提兑本金,储蓄国债（包销）提兑本金-发行期
BGP2,提兑利息,储蓄国债（包销）提兑利息-发行期
BGP3,提兑罚息,储蓄国债（包销）提兑罚息-发行期
BGP4,提兑费用,储蓄国债（包销）提兑费用
BGP5,提兑本金,储蓄国债（包销）提兑本金-存续期
BGP6,提兑利息,储蓄国债（包销）提兑利息-存续期
BGP7,提兑罚息,储蓄国债（包销）提兑罚息-存续期
BGPA,储债强兑,储蓄国债强制兑取（本金+利息-应扣利息-提前兑付手续费）
BGPD,储债提兑扣,储蓄国债提前兑取扣除利息
BGPF,储债提兑费,储蓄国债提前兑取手续费
BGPI,储债提兑利,储蓄国债提前兑取利息
BGPY,储债提兑本,储蓄国债提前兑取本金
BI01,保险投保,保险投保
BI02,保险撤单,保险撤单
BI06,保险代收,保险代收
BI07,保险代付,保险代付
BI11,银保清算,银保资金清算
BI21,银保冲帐,银保冲帐
BILA,支票圈存,支票圈存
BILB,支票圈存付,支票圈存付款
BITB,支票圈存提,支票圈存提回
BPCD,本票撤销兑,银行本票提回兑付完成后撤销兑付
BPDF,本票兑付,银行本票兑付
BPJQ,本票结清,银行本票结清
BPQF,本票签发,银行本票签发
BPTH,本票退回,银行本票未用退回
BPYQ,本票逾期,银行本票逾期付款
BQ00,小额定期借,小额定期借
BQ01,电费,电费
BQ02,家用电费,家用电费
BQ03,生产用电费,生产用电费
BQ04,水暖费,水暖费
BQ05,用水费,用水费
BQ06,排水费,排水费
BQ07,直饮水费,直饮水费
BQ08,污水处理费,污水处理费
BQ09,暖气费,暖气费
BQ10,煤气费,煤气费
BQ11,管道煤气费,管道煤气费
BQ12,电话费,电话费
BQ13,市内电话费,市内电话费
BQ14,长途电话费,长途电话费
BQ15,移动电话费,移动电话费
BQ16,电话初装费,电话初装费
BQ17,IP电话费,IP电话费
BQ18,通讯费,通讯费
BQ19,数据通讯费,数据通讯费
BQ1A,企业年金,企业年金
BQ1B,职业年金,职业年金
BQ1C,公积金,公积金
BQ20,线路月租费,线路月租费
BQ21,代维费,代维费
BQ22,网络使用费,网络使用费
BQ23,信息服务费,信息服务费
BQ24,移动商务费,移动电子商务费
BQ25,网关业务费,网关业务费
BQ26,手机话费,手机话费
BQ27,保险费,保险费
BQ28,续期寿险费,续期寿险费
BQ29,社会保险费,社会保险费
BQ30,养老保险费,养老保险费
BQ31,医疗保险费,医疗保险费
BQ32,车辆保险费,车辆保险费
BQ33,房屋管理费,房屋管理费
BQ34,房屋租赁费,房屋租赁费
BQ35,租赁服务费,租赁服务费
BQ36,物业管理费,物业管理费
BQ37,清洁费,清洁费
BQ38,保安服务费,保安服务费
BQ39,电梯维护费,电梯维护保养费
BQ40,绿化费,绿化费
BQ41,停车费,停车费
BQ42,代理服务费,代理服务费
BQ43,押运服务费,押运服务费
BQ44,票据传递费,票据传递费
BQ45,代理记账费,代理记账服务费
BQ46,学教费,学教费
BQ47,报考费,报考费
BQ48,学杂费,学杂费
BQ49,保教费,保教费
BQ50,有线电视费,有线电视费
BQ51,电视租赁费,有线电视租赁费
BQ52,移动电视费,移动电视费
BQ53,企业管理费,企业管理费
BQ54,工商行政费,工商行政管理费
BQ55,商检费,商检费
BQ56,其他费用,其他费用
BQ57,土地使用费,土地使用费
BQ58,加油卡费,加油卡费
BQ59,消费贷款,消费贷款
BQ60,薪金报酬,薪金报酬
BQ61,工资,工资
BQ62,奖金,奖金
BQ63,养老金,养老金
BQ64,其他代付费,其他代付费用
BQ65,福利彩票奖,付福利彩票奖金
BQ70,烟草货款,烟草货款
BQ71,高速公路费,高速公路费
BQ72,信用卡还款,信用卡还
BQ73,医疗医药费,医疗医药费
BQ74,公积金,公积金
BQ75,税款,税款
BQ76,血液制品费,血液制品费
BQ77,保险金,保险金
BQ78,保障金,保障金
BQ79,检验检疫费,检验检疫费
BQ80,邮购费,邮购费
BQ81,速递费,速递费
BQ82,垃圾费,垃圾费
BQ83,冷气费,冷气费
BQ84,黄页费,黄页费
BQ85,天然气费,天然气费
BQ86,养路费,养路费
BQ87,公交费,公交费
BQ88,彩票奖金,彩票奖金
BQ89,住房补贴,住房补贴
BQ90,邮电费,邮电费
BQ91,使用费,使用费
BQ92,卡费,卡费
BQ93,清分费,清分费
BQ94,利息,利息
BQ95,修理费,修理费
BQ96,托轮费,托轮费
BQ97,管理费,管理费
BQ98,检验费,检验费
BQ99,广告费,广告费
BQAA,主动缴费,主动缴费
BQAB,签约转账,签约转账
BQAC,交通罚没款,交通罚没款
BQAD,羊城通充值,羊城通充值款
BQAE,羊城通消费,羊城通消费款
BQAF,环卫费,环卫费
BQAG,血款,血款
BQAH,退税,退税
BQAI,传统拨款,传统拨款
BQAJ,3A代理电费,3A代理电费
BQAK,3A签约转账,3A签约转账
BQAL,公积金还贷,公积金还贷
BQAM,理赔款,广州定期贷记业务理赔款
BQAN,退保费,广州定期贷记业务退保费
BQAO,红利,广州定期贷记业务红利
BQAP,手续费,广州定期贷记业务手续费
BQAQ,退投资金,广州定期贷记业务退投资金
BQAR,税费,广州定期贷记业务税费
BQAS,资产购置,广州定期贷记业务资产购置
BQAT,城乡医保,广州城乡医保
BQAU,失业保险,广州失业保险
BQAV,工伤保险,广州工伤保险
BQAW,生育保险,广州生育保险
BQAX,职工医保,广州职工医保
BQAY,职工养老,广州职工养老
BQDF,生产用电费,生产用电费（扣款）
BSAA,债券缴款,储蓄国债（包销）向财政部缴款
BSAB,到期划转,储蓄国债（包销）到期资金划转
BSAC,国债结转,储蓄国债（包销）资金结转
BSAD,国债下划款,储蓄国债（包销）下划款
BSAE,OPICS过账,储蓄国债（包销）OPICS过账
BSAF,债券收益,储蓄国债（包销）收益
BSAG,提前兑取,储蓄国债客户提前兑取转我行被动投资
BSAH,利息计提,储蓄国债被动投资部分分期付息投资下的利息计提
BSAI,收到利息,储蓄国债被动投资部分收到财政部下划的利息
BSAJ,到期归还,储蓄国债被动投资部分的本息到期归还
BSP1,定期付息,储蓄国债（包销）付息
BSP2,本息兑付,储蓄国债（包销）到期还本
BSPI,储债付息,储蓄国债付息
BSPY,储债还本,储蓄国债还本
BSWC,损益结转,储蓄国债（包销）OPICS损益结转
BXAC,门禁工本费,保管箱门禁卡工本费
BXAE,箱费用调整,保管箱费用调整
BXAF,自动扣费,保管箱自动续租收费
BXBR,破凿箱费用,保管箱破凿箱手续费
BXCB,退租收费,保管箱退租收费
BXCD,更换资料费,保管箱更换资料费
BXCN,租箱选号费,保管箱租箱选号费
BXDC,箱体损偿金,保管箱设备损坏赔偿金
BXFR,退租退费,保管箱退租退费
BXJC,司法收费,保管箱司法协助收费
BXJR,司法退费,保管箱司法协助退费
BXLC,箱匙赔偿费,保管箱钥匙遗失赔偿费
BXLK,箱挂失费用,保管箱挂失手续费
BXLL,租箱滞违金,保管箱租箱滞纳金/违约金
BXOR,箱逾期租金,保管箱逾期租金
BXPF,航延险,航延险代付
BXRB,租箱收费,保管箱租箱收费
BXRD,租箱保证金,保管箱租箱保证金
BXRK,钥匙挂失费,保管箱钥匙挂失收费
BXRL,箱换锁费用,保管箱换锁手续费
BXRN,保管箱租金,保管箱租金
BXRR,钥匙解挂费,保管箱钥匙解挂收费
BXRT,续租收费,保管箱续租收费
BXSC,资料变更费,保管箱资料变更收费
BXSD,租箱印花税,保管箱租箱印花税
C020,汇兑,汇兑
C029,汇兑退票,汇兑退票
C030,转汇,转汇
C039,转汇退票,转汇退票
C040,委托收款,委托收款
C049,委托收款退,委托收款退
C050,托收承付,托收承付
C059,托收承付退,托收承付退
C060,进账单,进账单
C069,进账单退票,进账单退票
C080,直接贷记,直接贷记
C089,直接贷记退,直接贷记退
C180,直接借记,直接借记
C189,直接借记退,直接借记退
CCBC,营业款,营业款
CCIC,找零存入,公司一卡通CDS存现找零存入
CCPY,商务卡还款,商务卡还款
CDA0,大额存单,大额存单开户
CDA1,大额存单,大额存单还本
CDA2,大额存单,大额存单利息
CDA3,大额存单,大额存单提前支取
CDA4,大额存单,大额存单提前支取补入
CDA5,大额存单,大额存单提前支取撤销
CDA6,大额存单,大额存单中间付息
CDA7,大额存单,大额存单赎回
CDA8,大额存单,大额存单转让
CDA9,大额存单,大额存单受让
CDAA,C+归集定期,C+归集定期关户
CDAB,C+归集定期,C+归集定期周期付息
CDAD,ATM存款,ATM存款
CDAW,ATM取款,ATM取款
CDBB,儿童卡转账,儿童卡转账
CDDF,车主贷,车主贷代付
CDDP,柜台存现,柜台存现
CDGR,3A在线支付,3A支付网在线支付入账
CDGT,3A实时扣款,3A支付网实时扣款
CDHD,挂失费用,挂失费用
CDHY,关联转账,快乐伙伴卡亲子关联转账
CDMD,结算户存款,结算户存款
CDMW,结算户取款,结算户取款
CDPD,消费撤销,POS消费撤销
CDPW,POS消费,POS消费
CDRM,凭证更换,凭证更换费用
CDT1,信用卡取,信用卡取款
CDT2,信用卡存,信用卡存款
CDTR,自助转账,自助转账
CDWD,柜台取现,柜台取现
CDWL,消费返现,M+客户消费返现活动返现金
CDYF,卡片年费,一卡通类卡片年费
CFEP,透支异常挂,网上透支支付异常挂账
CFIN,现金池利息,现金池利息
CFNC,中央财政清,中央财政支付垫款清算
CFRB,财政退款,财政支付协议自协议帐户退款
CFRC,额度回收,财政支付协议额度回收
CFTC,子公司请款,子公司请款
CFTD,子公司上存,子公司上存
CFTP,母公司交易,母公司交易
CFTX,自贸区头寸,自贸区头寸清算
CHAI,ACR加钞,自助设备加钞
CHAO,ACR回钞,自助设备回钞
CHE1,柜员长款,柜员现金长款
CHE2,柜员短款,柜员现金短款
CHE3,设备长款,自助设备现金长款
CHE4,设备短款,自助设备现金短款
CHE5,假币修正,假币修正
CHFX,人行发行库,人行发行库往来
CHGY,国有银行库,国有银行业务库往来
CHIT,系统内调缴,系统内现金调缴
CHNO,新旧系统,新旧系统现金调缴
CHQT,其他同业,其他非银行金融机构往来
CHQY,其他银行,其他股份制银行往来
CHTR,网点内调剂,网点内现金调剂
CHXY,信用社,信用社及其他银行往来
CHYW,人行业务库,人行业务库往来
CISA,票交影像,票据影像交换
CLCA,网联收单侧,网联收单侧清算
CLHA,网联大额清,人行网联大额清算处理账务
CLSA,关结算户,关一卡通下的结算户
CLSB,存折销户,存折销户
CLSF,关结算户,关伪冒一卡通下的结算户
CMSA,同城特约,同城特约委托收款
COTR,快捷理财汇,同业不开户理财汇入收款
CPAA,对公转账出,对公转账正常提出
CPAB,对公转账退,对公转账被支付平台退回
CPAC,对公转账撤,对公转账客户撤销
CPAD,对公转账撤,对公转账内部撤销
CPAE,对公转账过,对公转账银行审核通过/对公转账重提
CPAF,对公转账入,支付平台退回的业务直接入客户账
CPAG,对公转账挂,支付平台退回的业务挂账
CPAH,企业银行审,企业银行业务待银行审核
CPAJ,支付平台退,企业银行和应急模式业务被支付平台退回
CPAK,支付计划审,对公转账贷款支付计划待银行审核
CPAL,支付计划驳,对公转账贷款支付计划银行审核不通过驳回
CPAM,出入金出,期货交易所出入金对公转账正常提出
CPAN,出入金退,期货交易所出入金被支付平台退票
CPBA,交易所调拨,交易所发起跨行转账资金调拨
CPBZ,彩票补账,彩票补账
CPCA,圈存挂账,支票圈存挂账
CPCZ,彩票冲账,彩票冲账
CPDJ,彩票兑奖,彩票奖金兑付
CPFW,技术服务费,彩票技术服务费
CPSX,代销手续费,彩票代销手续费
CPTK,彩票退款,彩票投注失败退款
CPTZ,彩票投注,彩票投注扣款
CPUA,汇入汇款,提回对公户收款
CPUB,提回付款,提回对公户付款
CPUC,提回冲账,提回对公户收款付款业务冲账
CPW1,更改密码,更改密码
CQAA,内部户转出,内部户转账正常提出
CQAB,内部户被拒,内部户转账被支付平台拒绝后退回
CQAC,内部户退票,内部户转账提出后被退票直接入账
CQAD,内部户转撤,内部户转出至支付平台后申请撤销
CQCL,票据清算,商承票据清算
CQCY,客户付款,商承客户付款经办
CQDA,提出借入账,提出借记入账
CQDB,提出借待入,提出借记待手工入账
CQPA,挂账,商承票据挂账
CRFE,基金迁入,基金迁入
CSMH,费用,费用收取（本票，委托收款）
CSTC,集团协转入,集团协议转账转入
CSTD,集团协转出,集团协议转账转出
CSTF,企业银行费,企业银行费用
CSTH,企业银行专,企业银行专用
CSTP,协议转账,协议转账母公司-不计入名义额度
CTFE,证书收费,网上企业银行数字证书费
CTOP,活期转专户,境外投资专户－活期转专户
CTYC,同城贷记,同城贷记
CUCN,POS消费,银联有卡自助消费
CUCP,银联消费,银联有卡自助消费
CUCR,银联代付,银联代付
CUDB,银联代收,银联代收
CUNP,银联消费,银联无卡自助消费
CWBN,预借现金,预借现金转他行
CWD1,本行ATM,本行ATM取款
CWD2,银联ATM,银联ATM取款
CWD3,境外取款,国际卡境外取款
CWD4,无卡取款,本行ATM无卡取款
CWDA,代理取款交,本行ATM代理取款交易
D1CL,批量记账,批量记账
DCRR,银结通存款,柜面通存接收收款-银结通存款
DCSP,银结通存款,柜面通存发起付款-银结通存款
DCTF,FTU转帐,FTU零售汇出汇款
DCTM,存款证明邮,存款证明邮寄费用
DDPS,柜台存款,柜台存款
DDRP,银结通取款,柜面通兑接收付款-银结通取款
DDSR,银结通取款,柜面通兑发起收款-银结通取款
DDTK,现金单退款,现金单退款
DDXJ,订单转现金,收款订单转现金单
DETH,现金贷他行,现金贷转他行（银联）
DEYK,现金贷本行,现金贷转入本行一卡通
DFHK,综合代付,信用卡综合支付平台代付
DFJC,撤销退他行,基金撤销资金转回他行卡
DFJJ,基金转他行,基金赎回资金转回他行卡
DFJN,党费缴纳,党费缴纳
DFJS,失败退他行,基金购买失败转回他行卡
DFLC,理财转出,转出电子一卡通他行卡代付
DIBN,绑定卡转入,一网通账户绑定卡转入
DICL,批量记账,批量记账
DINB,一网通提现,一网通提现
DINR,提现冲账,一网通提现冲账
DIRS,贷记调账,银联无卡快捷贷记调账
DITT,提现结转,一网通提现结转
DKHK,综合代扣,信用卡综合支付平台代扣
DKJJ,他行买基金,购买基金他行卡资金代扣
DKLC,理财快购,购买朝朝盈他行卡代扣转出
DKSH,垫款上划,分行垫款上划总行
DKYY,他行卡预约,他行卡预约还本行信用卡
DKZZ,理财转入,转入电子一卡通他行卡代扣
DPBC,保证金存,活期保证金存入
DPBD,保证金取,活期保证金支取
DPBF,保证金续存,保证金续存
DPBO,保证金开,活期保证金开户
DPCC,柜台存现,结算户柜台存现
DPCD,柜台取现,结算户柜台取现
DPCS,柜台存现,柜台存现
DPDC,存款证明,存款证明手续费
DPS1,CRS存款,本行CRS存款
DPS2,银联CDS,银联CDS存款
DPSA,CRS存款,CRS异地卡存款
DPSB,国债短投,银行国债短期投资
DPSC,信用卡存现,信用卡CRS无卡存现
DPSD,扫码存款,本行CDS扫码存款
DPSN,CRS存款,CRS无卡存现
DPSZ,CRS存款,CRS异地卡无卡存现
DPTI,分行缴款,分行向总行缴国债款项
DRFA,签发汇票,签发银行汇票
DRFB,兑付汇票,兑付银行汇票
DRFC,汇票未用退,银行汇票未用退回
DRFD,汇票撤销兑,银行汇票提回兑付完成后撤销兑付
DWDW,柜台取款,柜台取款
EBCD,批量支付,提出贷记批量支付正常交易
EBDS,汇总挂账,提出定借汇总过账
EBN1,企业红包,企业红包清算
EBPA,代付挂账,集中代付（提回定贷）业务挂账
EBPP,集中代付付,集中代付业务付款
EBPR,集中代付收,集中代付（提回定贷）业务收款
EBPT,定贷退票,定期贷记业务退票
EBPV,代付冲正,集中代付业务冲正
EBRA,代收挂账,集中代收（提出定借）业务挂账
EBRB,余额退回,提出贷记批量支付汇款不成功余额退回
EBRD,他行退回,提出贷记批量支付汇出他行退票款项或代理行退回款项
EBRE,代收冲正,集中代收（提回定借）业务冲正
EBRG,定借挂账,提出定借业务挂账
EBRP,集中代收付,集中代收（提回定借）业务付款
EBRR,集中代收收,集中代收业务收款
EBRV,扣款冲账,批量扣款冲账
EDAE,汇差调整,汇差调整记账
EDDC,线上收款,电子商业汇票线上清算收款
EDDD,线上付款,电子商业汇票线上清算付款
EDFB,退电票付款,电子商业汇票付款被退回
EDHF,电票收款,电子票据客服提回收款
EDKF,电票扣费,电子票据人行按月扣费
EDQS,电票付款,电子票据客服提出付款
EDTF,电票付款,电子商业汇票付款
EDVP,电票转账,电票票据系统转账交易记账
EFZT,E招贷转他,E招贷转他行人行
EGEY,平台托收入,平台托收入客户账
EHDF,E号贷转本,E号贷转本行
EK20,代销认购,代销认购
EK22,代销申购,代销申购
EK24,代销赎回,代销赎回
EK3B,代销退款,代销退款
EK42,产品强赎,产品强赎
EK43,产品分红,产品分红
EK52,购买撤单,购买撤单
EKAA,对公代销(,对公代销(资金结算转账)
EKSS,代销实收,对公代销系统权责制实收记账
EP01,信贷还款,对公不良资产清收还款-清收审批
EP02,信贷还款,对公不良资产清收还款-信贷审批
EP03,信贷还款,对公不良资产清收还款-信贷确认
EP04,退款,对公不良资产清收款退款
EP05,退票,对公不良资产清收款退款退票
EP06,偿还垫付,对公不良资产清收偿还垫付费用及其他
EP07,非营业收支,无纸化业务非营业支出非营业收入
EP08,营业外支出,无纸化业务营业外支出
EP09,拨营运资金,营运资金总行拨付
EP10,拨营运资金,营运资金分行拨付
EP11,增值税,无纸化记账的增值税
EP12,企业所得税,无纸化记账的企业所得税
EP13,公允调整,无纸化业务公允调整
EP14,投资分红,无纸化业务投资分红
EP15,手续费收入,无纸化业务手续费收入
EP16,手续费返还,无纸化业务手续费返还
EP17,手续费退票,无纸化业务手续费返还退票
EP18,资产管理,资产管理会计核算
EP19,服务费支付,无纸化总行征信服务费支付
EP20,服务费分摊,无纸化总行征信服务费分摊
EP21,个人贵金属,个人贵金属业务代理个人金交所业务开户手续费
EP22,服务费支付,无纸化总行征信服务费支付
EP23,礼金上交,无纸化业务礼金上交
EP24,清收款划付,无纸化业务清收款划付
EP25,权益调整,应占联合营企业权益调整
EP26,CPS支付,CPS碎片录入费用支付
EP27,CPS分摊,CPS碎片录入费用分摊
EP28,电信费分摊,电信线路费用分摊
EP29,民航手续费,无纸化业务民航代发手续费
EP30,服务费支付,数据服务费支付
EP31,服务费退票,数据服务费退票
EP32,CPS退票,CPS碎片录入费用支付退票
EP33,资产评估费,不良资产评估费-评估费支付
EP34,保险费支付,存款保险费支付
EP35,保险费退票,存款保险费支付退票
EP36,A股现金,A股H股业务处理-支付A股现金股利
EP37,付港股现金,A股H股业务处理-付港股通现金红利
EP38,H股现金,A股H股业务处理-支付H股现金股利
EP39,A股H股,H股股息红利购汇
EP40,A股H股,转港币未分配利润
EP41,迟付股息,A股H股业务处理-划转H股迟付股息
EP42,应付股利,A股H股业务处理-计提H股应付股利
EP43,利润分配,A股H股业务处理-利润分配
EP44,清股利账户,A股H股业务处理-清应付股利账户
EP45,注资增资,无纸化业务-总行股权投资-注资增资
EP46,例外本币,例外业务-例外本币支付
EP47,提前开票,A股H股业务处理-提前开票记账
EP48,销记开票,A股H股业务处理-销记提前开票款
EP49,注资增资,总行股权投资-注资增资退票
EP50,例外账务,无纸化业务例外账务处理
EP51,次托管业务,次托管代缴税
EP52,对公代销,对公代销业务付款
EP53,培训经费,拨付培训中心经费
EP54,补记利息,无纸化业务补记利息
EP55,冲销利息,无纸化业务冲销利息
EP56,补记退票,无纸化业务补记利息退票
EP57,拨付代表处,拨付代表处经费
EP58,培训中心,培训中心年结
EP59,境外分行,境外分行年结
EP60,代表处,代表处年结
EP61,次托管业务,次托管付费
EP62,交易费用,交易费用支付
EP63,资产受让,无纸化业务资产受让
EP64,资产转让,无纸化业务资产转让
EP65,保险费分摊,无纸化业务存款保险费分摊
EP66,小币种年结,小币种损益结转
EP67,分红收入,无纸化业务VISA分红收入
EP68,存贷通分摊,无纸化业务存贷通收益分摊
EP69,航空险保费,无纸化业务存航空意外险保费
EP70,税金缴纳,各类税金缴纳功能
EP71,保险费退票,无纸化业务航空意外险保费退票
EP72,总行人力资,总行人力资源费用
EPTX,e+提现,掌上e+余额提现
EXBA,对公结汇,对公结汇
EXBF,远期结汇,远期结汇
EXBN,非实时结汇,非实时即期结汇
EXBP,结售汇或有,结售汇或有
EXBS,个人结汇,个人实时结汇
EXDP,结售汇保证,结售汇保证金
EXFE,结售汇费用,个人结售汇费用
EXME,对公售汇,对公售汇
EXPF,结售汇盈亏,结售汇盈亏
EXVE,个人售汇,个人实时售汇
EXVF,远期售汇,远期售汇
EXVN,非实时售汇,非实时即期售汇
F2CA,收回卖出,黄金牛熊证收回卖出
F2CL,结清卖出,黄金牛熊证结清卖出
F2MB,市价买入,黄金牛熊证市价买入
F2MS,市价卖出,黄金牛熊证市价卖出
F2PF,收益清算,黄金牛熊证收益清算
F2SB,止损买入,黄金牛熊证止损买入
F2SS,止损卖出,黄金牛熊证止损卖出
F2ST,日终清算,黄金牛熊证日终清算
F2TB,挂盘买入,黄金牛熊证挂盘买入
F2TS,挂盘卖出,黄金牛熊证挂盘卖出
FBMA,FBM过账,FBM第三方产品销售费过账
FD01,基金开户,基金开户
FD02,基金销户,基金销户
FD03,基金账户资,基金账户资料修改
FD04,基金账户冻,基金账户冻结
FD05,基金账户解,基金账户解冻
FD06,基金账户挂,基金账户挂失
FD07,基金账户解,基金账户解挂
FD08,基金账号增,基金交易账号增加
FD09,基金账号撤,基金交易账号撤消
FD20,基金认购,基金认购
FD22,基金申购,基金申购
FD24,基金赎回,基金赎回
FD26,基金转托管,基金转托管
FD27,基金转托管,基金转托管入
FD28,基金转托管,基金转托管出
FD29,基金分红方,基金分红方式设置
FD2A,基金申购费,基金申购费用
FD2B,基金赎回费,基金赎回费用
FD2C,基金转托管,基金转托管费用
FD2D,基金利息退,基金利息退款
FD30,基金认购到,基金认购到账
FD31,基金份额冻,基金份额冻结
FD32,基金份额解,基金份额解冻
FD33,非交易过户,基金非交易过户
FD34,非交易过户,基金非交易过户入
FD35,非交易过户,基金非交易过户出
FD36,基金转换,基金转换
FD37,基金转换转,基金转换转入
FD38,基金转换转,基金转换转出
FD39,定期定额申,基金定期定额申购
FD3A,基金认购费,基金认购费用
FD3B,基金退款,基金退款
FD3C,基金定期定,基金定期定额费用
FD3G,定投失败退,定投失败退款
FD42,基金强行赎,基金强行赎回
FD43,基金红利发,基金红利发放
FD44,基金强行调,基金强行调增
FD45,基金强行调,基金强行调减
FD49,基金募集失,基金募集失败
FD4A,基金红股发,基金红股发放
FD4B,强行赎回费,基金强行赎回费用
FD50,基金清盘,基金清盘
FD52,基金委托撤,基金委托撤单
FD53,基金撤预约,基金撤预约单
FD58,变更交易账,基金变更交易账号
FD59,定期定额开,基金定期定额开通
FD60,定期定额撤,基金定期定额撤销
FD61,定期定额修,基金定期定额修改
FD98,基金快赎,基金快速赎回
FDBX,保险计提,保险手续费计提
FDCC,现金存定期,现金存定期
FDCD,现金存定期,现金存定期
FDCF,活期转理财,基金业务活期转理财
FDCS,现金定期,现金定期
FDFC,理财转活期,基金业务理财转活期
FDFE,基金手续费,手续费计提（代理基金）
FDIC,定期息收入,定期息收入
FDID,定期息支出,定期息支出
FDIN,定期利息,
FDJT,基金计提,基金计提
FDLB,受益权受让,受益权受让款
FDLC,受让退款,受让退款
FDLS,受益权出让,受益权出让款
FDN1,基金认购,基金认购
FDN2,基金申购,基金申购
FDN3,基金赎回,基金赎回
FDN4,托管转出,基金转托管出
FDN5,定期定额,定期定额申购
FDN6,强行赎回,基金强行赎回
FDN7,红利发放,基金红利发放
FDQB,货基快赎回,货基快赎回款
FDQC,基金入账,基金交易资金入账
FDQD,基金扣款,基金交易资金扣款
FDQI,备付金存入,快赎备付金存入
FDQO,备付金退回,快赎备付金退回
FDTK,基金退款,基金退款
FDTR,转账定期,转账定期
FDWC,定期转入,
FDWD,定期支取,
FDXE,信托手续费,手续费计提（代理信托）
FEA1,持币证明费,外币携带证手续费
FEA2,存款证明费,存款证明邮寄及手续费
FEAA,银联手续费,银联跨行手续费
FEAB,通存通兑费,异地通存通兑手续费
FEAC,钞转汇费,钞汇互转手续
FEAD,存款证明费,存款证明手续
FEAE,对账单费,对账单手续
FEAF,国债兑付费,兑付国债手续
FEAG,境外取款费,境外取款手续费
FEAH,理财规划费,金葵花理财规划书手续
FEAI,理财卡年费,金葵花理财卡年
FEAJ,查询手续费,跨年度查询手续
FEAK,快速汇款费,快速汇款手续费（非柜面
FEAL,快速汇款费,快速汇款手续费（柜台
FEAM,外币清点费,收取外币手续
FEAN,通存通兑费,异地通存通兑手续费（柜台
FEAO,同城代发费,同城代发手续
FEAP,同城代扣费,同城代扣手续
FEAQ,同城书挂费,同城凭证书面挂失手续
FEAR,申请书挂费,挂失申请书（凭证书面挂失）挂失手续
FEAS,资产证明费,资产证明手续
FEAT,同城转账费,同城转出手续费（柜台
FEAU,同城转账费,同城转他行手续费（网上
FEAV,钞转汇费,外汇买卖钞转汇手续
FEAW,网站注册费,外汇网站注册
FEAX,网站资讯费,外汇网站资讯费（季缴
FEAY,网站资讯费,外汇网站资讯费（年缴
FEAZ,网站资讯费,外汇网站资讯费（月缴
1-Feb,本行现异费,本行ATM异地取款手续费
2-Feb,保险手续费,保险业务手续费用
FEBA,送卡手续费,网上开户送卡手续
FEBB,补换卡费,网上支付卡补卡/换卡手续
FEBC,结汇手续费,现金结汇手续
FEBD,销户手续费,销户手续
FEBE,异地业务费,信用卡柜台转账缴款异地一卡通手续
FEBF,异地业务费,信用卡我行ATM转账缴款异地一卡通手续
FEBG,异地代发费,异地代发手续
FEBH,异地代扣费,异地代扣手续
FEBI,异地密挂费,异地密码挂失手续
FEBJ,异地换证费,异地损坏换卡/折申请手续
FEBK,异地书挂费,异地凭证书面挂失手续
FEBL,异地领卡费,指定异地领卡手续
FEBM,异地解挂费,指定异地密码解挂手续
FEBN,异地汇款费,异地普通汇出手续费（柜台
FEBO,异地汇款费,异地普通汇出手续费（网上
FEBP,特殊业务费,异地疑难业务手续
FEBQ,异地托收费,异地托收业务手续
FEBR,异地业务费,异地修改支取方式手续
FEBS,信息费,银信通理财秘书信息
FEBT,异地移存费,账户异地移存手续
FEBU,证券业务费,证券业务手续
FEBV,证券业务费,证券业务手续费（基金首先用
FEBW,文件证书费,专业版文件证书手续
FEBX,移动证书费,专业版移动证书手续
FEBY,缴费手续费,自助缴费收
FEBZ,长话手续费,长话代理收费
FECA,IP电话费,IP电话代理收费
FECB,POS手续费,POS特约商户手续
FECC,银联手续费,银联跨行手续费
FECD,其他手续费,其他手续费
FECE,资信证明,单位结算账户资信证明
FECF,特殊业务费,各种特殊业务合并收费
FECG,公司卡开卡,公司卡开卡手续费
FECH,公司卡销卡,公司卡销卡手续费
FECI,挂失手续费,单位客户挂失手续费
FECJ,凭证收费,凭证出售收费
FECK,大额取现费,单位大额取现手续费
FECL,无卡取款,ATM异地无卡取款手续费
FECP,对公收费,对公转账汇款业务收费
FECT,人工服务费,电话银行人工服务费
FECZ,代收扣费,实时代收业务扣费
FED1,银联同取费,银联柜面同城取款手续费
FED2,银联异取费,银联柜面异地取款手续费
FED3,银联同存费,银联柜面同城存款手续费
FED4,银联异存费,银联柜面异地存款手续费
FED5,银联同撤费,银联柜面同城存款撤销退费
FED6,银联异撤费,银联柜面异地存款撤销退费
FEDF,代付扣费,实时代付业务扣费
FEDP,CRS异存费,异地通存通兑手续费（异地卡存款手续费）
FEDS,单位存现收,单位活期存现收费
FEEC,IC卡工本费,电子现金卡工本费
FEED,圈提手续费,IC卡圈提手续费
FEEE,账户管理费,账户管理费
FEEG,短信服务费,定制短信服务费
FEEM,定制卡费用,IC卡工本费-M+定制卡
FEF1,银联同转费,银联同城转账手续费
FEF2,银联异转费,银联异地转账手续费
FEFC,银联转贷费,银联转账贷记调账手续费
FEFD,银联转借费,银联转账借记调账手续费
FEGC,公转私出费,本行ATM公转私转出卡异地手续费
FEGG,公转公出费,本行ATM公转公转出卡异地手续费
FEHJ,实物贵金属,实物贵金属代销手续费
FEHK,香港取款费,香港取款手续费
FEIP,网银费用,RI网银跨行实时转出手续费
FEIS,国际结算费,国际结算费用
FEIU,银联转账费,银联代付转账手续费
FEJC,银联现贷费,银联现金贷记调账手续费
FEJD,银联现借费,银联现金借记调账手续费
FEJJ,基金手续费,基金手续费
FELC,国内证费用,国内信用证费用
FEMB,手机转账费,向手机转账费用
FENC,网银费用,企业银行各项费用
FENP,CRS异存费,通存通兑手续费（异地无卡存现手续费）
FEPB,财务顾问费,家族信托财务顾问费
FEPF,代付扣费,集中代付业务扣费
FERF,代收扣费,集中代收业务扣费
FETX,费用收费,费用系统收费
FEU1,银联现同费,银联ATM同城取现手续费
FEU2,银联现异费,银联ATM异地取现手续费
FEUC,优KEY结,优KEY工本费结转损益
FEUR,优KEY退,优KEY工本费退还客户
FEXZ,询证函,询证函业务
FEZ1,转账收费,转账收费
FEZ2,现金收费,现金收费
FEZ3,二维码收费,二维码收费
FEZC,招财金利息,招财金自营利息收入
FEZY,实物贵金属,实物贵金属自营利息收入
FEZZ,业务收费,业务收费
FFCQ,外汇收益,对公外汇网点收
FFM2,市价委托,对公外汇市价委
FFR2,平仓委托,对公外汇业务平仓
FFS2,止损委托,对公外汇止损委
FFST,汇总清算,对公外汇业务汇
FFT2,挂盘委托,对公外汇挂盘委
FGTH,年终上收利,年终决算后自动上收利润
FI01,活期转入,活期转入财富账户
FI02,异地转账费,异地转账费用
FI03,利息收入,利息收入
FI04,利息收入,利息收入
FI05,转入活期户,转入活期账户
FI06,退网上汇款,网上汇出退票
FI07,异地转账费,异地转账费用
FI08,活期转定期,活期转入定期
FI09,定期转活期,定期转入活期
FI10,退柜台汇款,柜台汇出退票
FI11,异地转账费,异地转账费用
FI12,入财富账户,转入财富账户
FI13,财富账户出,转出财富账户
FI14,活期转定期,活期转入定期
FI15,定期转活期,定期转入活期
FI16,定活互转,定活互转
FI17,财富账户出,转出财富账户
FI18,利息税款,利息税款
FI19,入财富账户,转入财富账户
FI20,入财富账户,转入财富账户
FI21,入财富账户,转入财富账户
FI22,入财富账户,转入财富账户
FI23,入财富账户,转入财富账户
FI24,利息收入,利息收入
FI25,利息税款,利息税款
FI26,溢财通收费,溢财通业务管理费
FI51,转出理财专,转出理财专户
FI52,转入理财专,转入理财专户
FICG,汇转钞,财富账户汇转钞
FIFA,账户管理费,财富账户管理费
FIFB,账单费,财富账户账单费
FIFE,异地转账费,异地转账费用
FILI,额度转入,额度转入
FILO,额度转出,额度转出
FINT,贷记利息,约息存款贷记客户利息
FISI,专户转入,理财专户转入
FIZE,投资批扣,投资收益平台批扣批收
FIZF,投资关注,投资收益平台关注扣收费
FIZG,签证支付,代理签证业务客户支付
FIZH,签证撤单,代理签证业务客户撤单
FIZI,签证中收,代理签证业务中收
FIZJ,签证计提,代理签证业务计提
FIZK,签证清算,代理签证业务清算（合作商收款）
FIZL,签证退款,代理签证业务合作商退款
FJCL,黄金清算,黄金清算
FJIN,库存收入,库存收入
FJOU,库存支出,库存支出
FJPR,产品预售冲,金银投资品预付款销售冲账
FJPT,产品预售,金银投资品预付款销售
FJRV,黄金冲账,黄金冲账
FJTF,产品出售,产品出售
FKEB,补账结汇,结售汇补账结汇
FKES,补账售汇,结售汇补账售汇
FKF1,远结收益,远期结售汇违约收益
FKF2,远结违约,远期结售汇过期违约
FKF3,远结交割,远期结售汇提前交割
FKF4,远结结清,远期结售汇到期结清
FKMB,即时结汇,结售汇即时结汇
FKMS,即时售汇,结售汇即时售汇
FKRB,冲账结汇,结售汇冲账结汇
FKRS,冲账售汇,结售汇冲账售汇
FKS1,即结收益,非实时交割即期结售汇违约收益
FKS2,即结违约,非实时交割即期结售汇过期违约
FKS3,即结结清,非实时交割即期结售汇到期结清
FKTB,挂盘结汇,结售汇挂盘结汇
FKTS,挂盘售汇,结售汇挂盘售汇
FNAT,年终决算,年终决算
FNTX,代扣代缴税,代扣代缴非居民所得税
FP01,活期转理财,活期账户转理财专户
FP02,理财转活期,理财专户转活期账户
FP03,认购,受托理财认购
FP04,认购费用,受托理财认购费用
FP05,申购,受托理财申购
FP06,申购费用,受托理财申购费用
FP07,赎回,受托理财赎回
FP08,赎回费用,受托理财赎回费用
FP09,分红,受托理财分红
FP10,还本,受托理财还本
FP11,认购撤单,受托理财认购撤单
FP12,申购撤单,受托理财申购撤单
FP13,赎回撤单,受托理财赎回撤单
FP14,本利返还,本利返还
FP15,认购清算,受托理财认购清算
FP16,申购清算,受托理财申购清算
FP17,赎回清算,受托理财赎回清算
FP18,存款认购,受托理财结构性存款认购
FP19,存款赎回,受托理财结构性存款赎回
FP20,存款还本,受托理财结构性存款还本
FP21,存款利息,受托理财结构性存款利息
FP22,存款购买,对公结构性存款购买
FP25,存款利息,对公结构性存款利息
FP27,强制赎回,受托理财强制赎回
FP28,强制赎回费,受托理财强制赎回费用
FP29,快速赎回,受托理财快速赎回
FP30,预拆入,受托理财快赎垫资资金预拆入
FP31,拆入还回,受托理财快赎垫资预拆入还回
FPCP,贷记本金,约息存款贷记客户本金
FQBK,批量记账,黄金账户批量记账
FQBY,份额购买,黄金账户份额购买
FQCR,份额转入,黄金账户份额转入
FQDB,黄金定投,黄金定投
FQDE,份额转出,黄金账户份额转出
FQGB,现金认购,特色定期现金认购
FQGS,认购撤销,认购撤销
FQIN,账户结息,黄金账户结息
FQMA,中收分润,黄金账户中收分行利润入账
FQSE,份额卖出,黄金账户份额卖出
FQXC,实物金兑换,实物金兑换
FRJZ,预借分润结,预借分润结转
FS01,费用调账,买入费用调账
FS02,股票买入,股票买入成交
FS03,股票买入费,股票买入费用
FS04,股票买入,股票买入成交
FS05,债券兑付,债券兑付
FS06,债券兑息,债券兑息
FS07,强制赎回,转债强制赎回
FS08,股票红利,股票红利
FS09,增发申购,增发申购
FS10,增发中签,增发申购中签
FS11,申购回款,增发申购回款
FS12,回售资金,回售资金到账
FS13,配售缴款,配售缴款
FS14,新股申购费,新股申购费用
FS15,新股申购,新股申购
FS16,新股中签,新股申购中签
FS17,申购回款,新股申购回款
FS18,配股缴款,配股缴款
FS19,股票卖出费,股票卖出费用
FS20,股票卖出,股票卖出成交
FS21,转股资金,转股资金到账
FS22,资金迁移,B股未交收资金迁移
FTI1,税金转币种,增值税金币种转换
FTI2,外汇结损益,外汇买卖损益结转
FTI3,转税金负差,转金融商品增值税负差
FTIO,年终结转,年终结转
FTMC,浮投卖出,自营浮动投资卖出
FTMR,浮投买入,自营浮动投资买入
FUBY,转入朝朝盈,活期转入朝朝盈
FUQD,货基快赎投,货基快赎投资
FURE,朝朝盈普赎,朝朝盈普通赎回到活期
FUSL,朝朝盈转出,朝朝盈转出活期
FUYB,转入月月盈,活期转入月月盈
FUYD,月月盈转出,月月盈红利转出
FUYS,月月盈转出,月月盈转出活期
FV00,签约,外汇远掉期签约
FV01,提前平仓,外汇远掉期提前平仓
FV02,到期平仓,外汇远掉期交割日平仓
FV03,市价展期,外汇远期市价展期
FV04,提前交割,外汇远期提前交割
FV05,原价展期,外汇远期原价展期
FV06,掉期平仓,外汇掉期全部平仓
FV07,到期交割,外汇远期到期交割
FV08,总分清算,外汇远期总分平盘
FV11,差额交割,结售汇远期差额交割
FV50,期权签约,期权签约
FV51,期权平仓,期权正常平仓
FV52,期权平仓,期权日终套查失败平仓
FV53,期权强平,期权强制平仓（总行）
FV54,期权行权,期权到期行权
FV55,期权不行权,期权到期不行权
FV56,期权费交割,期权费交割
FV57,行权后交割,期权行权全额交割
FV58,行权后交割,期权行权差额交割
FV59,行权后平仓,期权行权后交割失败平仓（即期头寸平盘）
FV61,保证金增补,XFUNDS保证金增补
FV62,保证金解冻,XFUNDS保证金解冻
FWCL,结清卖出,外汇期权结清卖
FWMB,市价买入,外汇期权市价买
FWMS,市价卖出,外汇期权市价卖
FWPF,收益清算,外汇期权收益清算
FWSB,止损买入,外汇期权止损买
FWSS,止损卖出,外汇期权止损卖
FWTB,挂盘买入,外汇期权挂盘买
FWTS,挂盘卖出,外汇期权挂盘卖
FX01,活期转理财,活期账户转入理财专户
FX02,理财转活期,理财专户转入活期账户
FX03,即时委托,即时委托
FX04,挂盘委托,挂盘委托
FX05,选择委托,选择委托
FX06,止损委托,止损委托
FX07,追加委托,追加委托
FX08,撤单,撤单
FX09,外汇收益,外汇实盘收益
FX10,外汇清算,个人外汇实盘委托清算
FX60,认购分行表,双币存款认购分行表外
FX61,认购分行损,双币存款认购分行损益
FX62,分行损益总,双币存款到期分行损益总分清算
FX63,行权总分清,双币存款到期行权总分清算
FX64,期权费总分,双币存款到期期权费总分清算
FX65,到期冲销表,双币存款到期冲销表外
FX66,行权外汇买,双币存款到期行权外汇买卖
FX70,客户开仓,深度价内期权客户开仓
FX71,客户平仓,深度价内期权客户平仓
FX72,到期结清,深度价内期权到期结清
FX73,展期钆差,深度价内期权展期钆差记账
FX74,分总清算,深度价内期权分总清算
FX75,总分清算,深度价内期权总分清算
FX88,交易通收付,交易通收付息总分帐
FX89,交易通盈亏,交易通客户盈亏总分帐
FX90,交易通盈利,交易通分行盈利
FX92,保证金盈利,交易通保证金交易客户盈利
FX93,保证金亏损,交易通保证金交易客户亏损
FX94,保证金付息,交易通保证金客户付息
FX95,保证金收息,交易通保证金客户收息
FX96,转入保证金,活期转保证金
FX97,保证金转出,保证金转活期
FX98,保证金结息,个人保证金帐户销户结息
FX99,交易通表外,交易通表外帐
FXTR,境内外币,境内外币支付系统
FYG1,贵金属市买,纸贵金属实盘市价买入
FYG2,贵金属市卖,纸贵金属实盘市价卖出
FYG3,贵金属挂买,纸贵金属实盘挂盘买入
FYG4,贵金属挂卖,纸贵金属实盘挂盘卖出
FYG5,贵金属止买,纸贵金属实盘止损买入
FYG6,贵金属止卖,纸贵金属实盘止损卖出
FYG7,贵金属清算,纸贵金属实盘清算
FYG8,贵金属收益,纸贵金属实盘收益
GAAD,外币付款证,外币付款证
GACA,托收承付,托收承付
GACB,商业承汇票,商业承汇票
GACC,现金贷方,
GACD,现金借方,
GACG,委托收款,委托收款
GACR,转账贷方,
GACS,现金,现金
GACT,移动电话费,移动电话费
GACV,贷记凭证,贷记凭证
GADF,银行汇票,银行汇票
GADR,转账借方,
GAFE,费用,费用
GAGP,集团转账,
GAGS,国税扣款,国税扣款
GAHU,房租费,房租费
GAIN,利息,利息
GALO,对公资产,信贷系统业务对公资产
GALP,个人资产,信贷系统业务个人资产
GAMT,信汇,信汇
GAPN,本票交易,本票交易
GASF,互联网融资,企业互联网融资资产
GATL,电话费,电话费
GATR,转账,转账（新旧对接）
GATT,电汇,电汇
GATV,电视费,电视费
GAWT,水费,水费
GAXR,税款,税款
GDRF,非法入金退,非法入金退回
GLLQ,内部资金分,内部资金分配
GMSA,GMS过账,GMS过账
GMTS,GMTS交易,GMTS交易
GNFE,企业银行,企业银行
GTMC,固投卖出,自营固定投资卖出
GTMR,固投买入,自营固定投资买入
GTRX,通用记账,通用记账
GTX7,表外核算,表外核算
HFAC,备付金转账,备付金转账
HFBC,备付金转账,备付金转账
HKFR,还款分润,信用卡还款分润
HKTY,还款退卡通,还款交易滞留资金退款至一卡通
HPIA,周期结息,批量周期结息
HPOA,开户补入,产品类对公定期开户补入
HPOP,开户存入,对公定期开户存入
HPWC,关户支取,产品类对公定期关户支取
HPWP,部分支取,产品类对公定期部分支取
HQOP,约息存入,约息存款账户存入
HQWC,约息关户,约息存款账户关户
HQWP,约息支取,约息提前支取
HQZC,活期转出,C+存款活期转出
HZBR,代收保费,代收保费
I411,411计息,
ICAL,账户核验,账户核验
ICCP,还信用卡,一卡通还他行信用卡
ICDP,信用卡转他,信用卡溢缴款领回他行
ICLA,自动销户,国际卡基本账户自动销户
ICRR,对私提回贷,RI网银贷记接收收款
ICSA,代管转账,代管户口转账
ICSB,商户退款,RI网银贷记发起退款
ICSP,对私提出贷,RI网银贷记发起付款
IDRP,对私提回借,RI网银借记接收付款
IDSR,对私提出借,RI网银借记发起收款
IEX1,本行专业网,本行专业版网上支付
IINT,账户结息,账户结息
INT1,本行大众网,本行大众版网上支付
IRMT,香港汇款,香港汇款
IRSA,查询查复,查询查复
ISBP,保理付汇,保理付汇
ISCG,保理收费,保理收费
ISCH,费用收取,国际结算费用收取
ISCP,客户付汇,付汇扣客户户口
ISFE,国结费用,国际结算费用
ISFT,福费廷,福费廷
ISIR,中心收汇,国外将汇入款项汇入中心
ISMG,国结保证金,国际结算保证金
ISNG,或有核算,国际结算或有资产/负债核算
ISNH,费用,客户服务系统费用
ISOR,中心付汇,结算中心将网点备付款付出国外
ISRF,保理退费,保理退费
ISRT,费用退回,国际结算费用退回
ISSN,单边记账,国际结算单边记内部账
ISTF,国际结算内,国际结算内部划转
ISTR,保理划款,保理内部户划款
ITAX,利息税,利息税
ITP1,网上交易,本行网上交易
J3CR,清分入账,商户清分入账
J3IN,内部结息,C+集团账户产品内部结息
J3TD,同业协转出,同业协议转账转出
J3TH,退款交易,退款交易
J3TP,同业协转账,同业协议转账母公司
JCYK,撤销退本行,基金撤销资金转回一卡通
JFSR,积分收入确,积分收入确认
JFSY,积分收入递,积分收入递延
JJTY,滞留退本行,基金类退款到一卡通
JJYK,基金转本行,基金赎回资金转回一卡通
JKTZ,缴款调整,缴款调整
JSYK,失败退本行,基金购买失败转回一卡通
JWTS,购物退税,购物退税代付
KFDP,直连汇兑款,与境外直连机构往来汇兑资金
KFTX,外汇清算,外汇清算
KGTX,同业清算,同业代理清算
KPAA,提出贷轧差,IBPS提出贷记轧差
KPAB,提回贷轧差,IBPS提回贷记轧差
KPAC,提出借轧差,IBPS提出借记轧差
KPAD,提回借轧差,IBPS提回借记轧差
KPAE,第三方费用,IBPS第三方贷记手续费
KPAF,三方贷记收,IBPS第三方贷记轧差
KPAG,三方贷记付,IBPS第三方贷记付款轧差
KPAH,清分异常,IBPS提出贷记清分异常
KPAI,清分异常,IBPS提回贷记清分异常
KPAJ,清分异常,IBPS提出借记清分异常
KPAK,清分异常,IBPS提回借记清分异常
KPAL,清分异常,IBPS第三方贷记手续费清分异常
KPAM,清分异常,IBPS第三方贷记清分异常
KPAN,清分异常,IBPS第三方贷记付款清分异常
KPAO,IBPS费用,IBPS费用支出和分润
KPAP,行内清算,IBPS总分行资金清算
KPAQ,IBPS清算,IBPS人行资金清算
KPAR,跨行网银退,跨行网银退款
KPAS,ACS零余额,ACS系统零余额账户行内核算
KPBR,批量退款,厦门代付批量交易退款
KPC1,商户清算,收单类业务商户清算
KPC2,行外被退票,收单类业务商户清算（转行外被退票）
KPC3,商户清行外,收单类业务商户清算（转行外）
KPCA,银联清算,银联清算
KPDB,单笔退款,厦门代付单笔交易退款
KPDK,单笔扣款,厦门代付单笔交易扣款
KPO1,跨境挂账贷,跨境汇出处理贷记挂账
KPOC,跨境汇出贷,跨境汇出处理贷记清算账
KPOF,跨境大额退,跨境汇出处理贷记提出退（大额）
KPOP,跨境大额贷,跨境汇出处理贷记过渡账（大额）
KPOQ,跨境退清分,跨境汇出处理待退票经办退清分
KPOR,跨境退票贷,跨境汇出处理贷记被退票
KPOT,跨境转指定,跨境汇出处理贷记转指定
KPOX,跨境撤销贷,跨境汇出处理贷记主动撤销
KPP1,贷记汇出挂,提出贷记退对接系统挂账
KPP2,借记汇出挂,提出借记收到回执挂账
KPPA,行内清算,汇出处理总分行资金清算
KPPB,人行清算,汇出处理人行资金清算
KPPC,贷记汇出轧,提出贷记轧差清算
KPPD,借记汇出入,提出借记收到回执
KPPI,贷记汇出,提出贷记系统内汇出
KPPJ,借记汇出入,提出借记系统内收到回执
KPPK,批量扣款,厦门代付批量交易扣款
KPPQ,贷记退清分,提出贷记待退票经办退清分
KPPR,贷记汇出退,提出贷记被退票
KPPT,转指定行,转指定行
KPPX,贷记业务撤,提出贷记业务主动撤销
LCFB,支付退回,福费廷支付退回
LCFC,支付提交,福费廷支付提交
LCFE,福费廷手续,福费廷手续费收入
LCFR,福费廷费支,福费廷持有转让费用支出
LCKG,理财快购,购买朝朝盈一卡通代付转入
LCMN,保证金记账,国内信用证活期保证金记账
LCNC,或有核销,国内信用证或有核销
LCNG,或有核算,国内信用证或有核算
LCPB,来单备付,国内信用证来单备付
LCPE,入款清分,国内信用证提回入款清分
LCPF,入款退清分,国内信用证提回入款退清分
LCPP,交单解付,国内信用证交单解付
LCPR,来单付款,国内信用证来单付款
LCPY,福费廷解付,福费廷解付
LCRG,资金入账,国内信用证买入行资金入账
LCTY,理财退卡通,理财类退款到一卡通
LCZR,理财转入,转入电子一卡通一卡通代付
LFA1,开户存入,对公存款产品开户存入
LFA2,开户补入,对公存款产品开户补入
LFA3,开户冲销,对公存款产品开户冲销
LFA4,部分支取,对公存款产品部分支取
LFA5,部提补入,对公存款产品部分支取补入
LFA6,部提撤销,对公存款产品部分支取撤销
LFA7,关户支取,对公存款产品关户支取
LFA8,关户补入,对公存款产品关户支取补入
LFA9,关户撤销,对公存款产品关户支取撤销
LFAA,自动转存,对公存款产品自动转存
LFAB,行外支付,对公存款产品行外支付
LFAC,支付反馈,对公存款产品行外支付
LFAD,本转息活,对公存款产品自动转存
LFAE,转存活期,对公存款产品自动转存
LKWL,尾零返现金,裸信用卡尾零返现活动回馈金
LNFB,退电票付款,电子商业汇票线下付款被退回
LNTF,电票付款,电子商业汇票线下付款
LNTR,票废退款,票据作废退款
LPAP,自动还款,消费易自动扣款还款
LPCP,主动还款,消费易柜台还款－活期
LPDC,调透支额度,调整借贷合一透支额度
LPDP,贷款还款,消费易贷款还款－非冻结
LPHP,退货还款,退货自动还款
LPLP,贷款还款,消费易贷款还款－冻结
LPRF,资金退回,易房通交易资金转买方
LPSV,资金存入,易房通交易资金存入
LPTF,资金转出,易房通交易资金转卖方
LPTP,转账还款,消费易柜台还款－其他卡
LPZ1,定向转账,周转易定向转账
LPZ2,定向转账,周转易转账汇款退回
LPZE,转账退票,周转易定向转账费用退票
LPZF,定向转账,周转易定向转账费用
LPZR,资产转让,个人贷款资产转让
MCPA,关税预扣,海关税费预扣
MCPB,关税实扣,海关税费实扣
MCPC,关税实缴,海关税费担保实缴
MCPD,关税撤销,海关税费预扣撤销
MCWP,网联支付,网联对公网关支付
MCWR,网联退款,网联对公网关退款
MIAU,联通收费,联通收费
MIDJ,易登机费,易登机服务使用费
MIDK,GMAC代扣,上海GMAC代扣
MIDV,数字电视费,数字电视费
MILP,公积金委贷,公积金委托贷款（中间业务平台）
MILR,地税退还,地税退还
MILT,地税扣缴,地税扣缴
MIMH,代售行程单,代售民航总局电子客票行程单
MINR,国税退还,国税退还
MINT,国税扣缴,国税扣缴
MIQS,中央财政回,中央财政支付垫款回款入账
MISC,备用金报账,财政授权支付备用金报账
MITL,电信费,电信费
MITP,中央财政退,中央财政支付退票清算
MOUA,现代化提出,现代化提出
MPAY,移动支付,移动支付
MSE0,教育储蓄,教育储蓄开户
MSE1,教育储蓄,教育储蓄续存
MSE2,教育储蓄,教育储蓄关户
MSE3,教育储蓄,教育储蓄开户撤消
MSE4,教育储蓄,教育储蓄续存撤消
MSE5,教育储蓄,教育储蓄关户撤消
MSE6,教育储蓄,教育储蓄开户补入
MSE7,教育储蓄,教育储蓄续存补入
MSE8,教育储蓄,教育储蓄关户补入
MSE9,教育储蓄,教育储蓄合约信息修改
MSW0,零存整取,零存整取开户
MSW1,零存整取,零存整取续存
MSW2,零存整取,零存整取关户
MSW3,零存整取,零存整取开户撤消
MSW4,零存整取,零存整取续存撤消
MSW5,零存整取,零存整取关户撤消
MSW6,零存整取,零存整取开户补入
MSW7,零存整取,零存整取续存补入
MSW8,零存整取,零存整取关户补入
MSW9,零存整取,零存整取合约信息修改
MURX,MUREX交易,MUREX交易
N3ZZ,综合支付提,综合支付提出借
N5CP,快捷支付,快捷支付
N5CR,快捷退款,快捷退款
N5DP,贷记调账,贷记调账
N5FE,手续费,网联支付机构手续费
N5PB,差错挂账,差错调账挂账
N6CB,批次清算,备付金批次清算
N6CC,批次清算,信用卡批次清算
N6CD,批次清算,借记卡批次清算
N6CF,场次清算,网联场次清算
N6CP,网联商委付,网联商业委托付款
N6DB,差错清算,差错清算备付金
N6DD,差错清算,差错清算借记卡
N6PA,网联异常挂,网联调账异常挂账处理
N6RT,网联退款,网联退款
N6TP,付款申请,网联付款申请收款
N6TR,备付金,备付金批次记账
NCTR,现金池业务,企业银行现金池业务
NNNN,其它,其它
NPT1,对公提出贷,IBPS对公提出贷记
NPT2,对公提回贷,IBPS对公提回贷记
NPT3,对公提出借,IBPS对公提出借记
NPT4,对公提回借,IBPS对公提回借记
NPT5,第三方贷记,IBPS第三方贷记提回
NPT6,第三方借记,IBPS对公第三方提回借记
ON01,视聆通,视聆
ON10,直付通手续,快捷直付通先收后返暂挂手续费
ON21,本行支票转,本行支票转
ON22,港转他本冲,港转他本冲
ON23,港代发,港代发
ON24,港代扣,港代扣
ON25,内地转港活,内地转港活
ON26,内转港活冲,内转港活冲
ON27,其他代扣费,其他代扣费
ON28,PPS转入,PPS转入
ON29,缴费灵,缴费灵
ON2A,港定转活冲,港定转活冲
ON2B,EPS消费,EPS消费
ON2C,支票转出,支票转出
ON2D,支票退票,支票退票
ON2E,支票退票手,支票退票手
ON2F,支票止付手,支票止付手
ON2G,支票邮寄费,支票邮寄费
ON2H,港挂失手续,港挂失手续
ON2I,港户年费,港户年费
ON2J,支票存款,支票存款
ON2K,ATM港取本,ATM港取本
ON2L,ATM港取手,ATM港取手
ON2M,港活转定冲,港活转定冲
ON2P,港购本票本,港购本票本
ON2Q,港购本票手,港购本票手
ON2R,港定期计提,港定期计提
ON2S,港购汇票手,港购汇票手
ON2T,港购汇票本,港购汇票本
ON2U,VISA取款,VISA取款
ON2V,VISA手,VISA手
ON2X,港活期计提,港活期计提
ON2Y,港汇内本冲,港汇内本冲
ON2Z,港转港本冲,港转港本冲
ONA2,福彩,福
ONA3,挂号,挂号
ONA4,金币,金币
ONA5,住房公积金,住房公积金
ONA7,暂收保费,暂收保费
ONA8,圈存,圈存
ONAC,自助设备存,自助设备存
ONAH,ATM/JETCO,ATMJETCO
ONAR,ATM短冲补,ATM短冲补
ONAS,ATM长冲补,ATM长冲补
ONAT,ＡＴＭ,ＡＴＭ
ONAU,自动转存,自动转存
ONAW,补贴,补贴
ONBA,账户年费,账户年费
ONBB,托儿,托儿
ONBC,劳务收入,劳务收入
ONBD,投资本益,投资本益
ONBE,债产权转让,债产权转让
ONBF,个人贷款,个人贷款
ONBG,证券期货款,证券期货款
ONBH,继承赠与款,继承赠与款
ONBI,纳税退还,纳税退还
ONBJ,农副品销售,农副品销售
ONBK,其他,其他
ONBL,有线电视费,有线电视费
ONBM,大额提现费,大额提现手续费
ONBN,代销保险,代销保险
ONBP,传呼,传呼费
ONBQ,个贷还利息,个贷还利息
ONBS,奖学金,奖学金
ONBT,B股转账,B股转账
ONBU,个贷放款,个贷放款
ONBV,个贷还本金,个贷还本金
ONBX,保险,保险
ONBZ,个贷还复息,个贷还复息
ONC1,手机投注,手机投注
ONCA,账户年费,个人账户年费
ONCB,补换卡费,网卡补／换卡手续费
ONCC,存款证明费,存款证明手续费
ONCD,转信用卡,转信用卡
ONCE,现金结汇,柜面现金结汇
ONCF,现金结汇费,现金结汇手续费
ONCG,书面挂失费,书面挂失手续费
ONCH,柜同转现手,柜同转现手
ONCI,外币手续费,外币硬币手续费
ONCJ,销户手续费,销户手续费
ONCK,证券现手费,证券现手费
ONCL,清洁,清洁费
ONCN,专业版费,专业版手续费（现金）
ONCP,加班费,加班费
ONCQ,其他手续费,其他手续费
ONCS,现金,现
ONCT,异地特殊费,异地特殊业务手续费
ONCU,账户管理费,账户管理费
ONCV,协议转存,协议转存
ONCW,柜异普汇手,柜异普汇手
ONCX,柜异快汇手,柜异快汇手
ONCY,柜异存取手,柜异存取手
ONCZ,钞转汇费,钞转汇手续费
OND1,缴费通充值,缴费通充值
OND2,缴费通缴费,缴费通缴费
OND3,车牌拍卖,车牌拍卖
OND4,投注转帐,投注转帐
OND5,中奖资金,中奖资金
OND6,暂收手续费,暂收手续费
OND8,柜面通存,柜面通存
OND9,社保,社保
ONDA,中心卡取款,中心卡ATM取款
ONDB,中心卡费,中心卡ATM手续费
ONDC,中心卡冲帐,中心卡长款冲帐
ONDD,信用卡取现,信用卡柜面取现
ONDE,中心卡冲帐,中心卡短款冲帐
ONDF,信用卡存现,信用卡柜面存现
ONDG,VISA卡取款,VISA卡在我行取款
ONDH,信用卡取款,信用卡自助设备取款
ONDI,港银联卡取,港银联卡取款
ONDJ,银联卡取款,银联卡ATM取款
ONDK,信用卡存款,信用卡自助设备存款
ONDL,信卡预借现,信卡我ATM预借现
ONDM,信用卡CDS,信用卡我CDS缴现
ONDN,银联ATM,银联ATM预借现
ONDO,总中心借现,信用卡总中心ATM预借现金
ONDP,信用卡取冲,信用卡我行ATM预借现隔冲
ONDQ,信用卡取补,信用卡我行ATM预借现隔补
ONDR,信用卡存补,信用卡我行CDS缴现隔日补
ONDS,银联ATM,信用卡银联ATM借现
ONDT,总中心ATM,信用卡总中心ATM借现补
ONDW,ATM银联冲,ATM银联冲
ONDZ,ATM总中冲,ATM总中冲
ONE1,福彩投注,福彩投注
ONE2,福彩转帐,福彩转帐
ONE3,补扣处理,补扣处理
ONE4,规费现金,规费现金
ONEL,电费,电费
ONER,柜面短冲补,柜面短冲补
ONES,柜面长冲补,柜面长冲补
ONEU,柜面手冲补,柜面手冲补
ONEX,兑换欧元,兑换欧元
ONEY,兑换马克,兑换马克
ONEZ,兑换法郎,兑换法郎
ONF1,检易通,检易通
ONF2,捐款,捐款
ONF3,新百消费充,新百消费充
ONF4,校园ＩＣ卡,校园ＩＣ卡
ONF5,中央商场充,中央商场充
ONF6,移动手机充,移动手机充
ONF7,公积金贷款,公积金贷款
ONFA,外汇注册费,外汇注册费
ONFC,外汇买卖,外汇买卖
ONFE,费用,费用
ONFG,外汇月缴费,外汇月缴费
ONFH,外汇季缴费,外汇季缴费
ONFI,外汇年缴费,外汇年缴费
ONFJ,内地分润,内地分润
ONFK,JEC/FEE,RMTJECFEE
ONFL,内地分润,内地分润
ONFO,一户通,一户通
ONFS,中央非税,中央财政非税收入收缴
ONFT,外汇转账,外汇转账
ONFX,钞转汇,钞转汇
ONFY,汇转钞,汇转钞
ONG1,汉网宝,汉网宝
ONG2,联通自缴费,联通自缴费
ONG3,移动实批扣,移动实批扣
ONG4,联通实批扣,联通实批扣
ONG5,电子缴税,电子缴税
ONG6,医疗,医疗
ONG7,慰问,慰问
ONG8,路费,路费
ONG9,水电费,水电费
ONGJ,代发住房金,代发住房金
ONGM,GMAC交易,GMAC交易
ONGS,煤气,煤气
ONGT,缴费易,缴费易
ONH1,公交月票,杭州公交月票业
ONH2,移动充值,杭州移动充值业务
ONH3,同城贷记,同城贷记
ONH4,移动支付,移动支付
ONHJ,个人结汇,个人结汇
ONHS,个人售汇,个人售汇
ONHV,房租,房租
ONI1,保健,保健
ONI2,服装,服装
ONI3,计生,计生
ONI4,清饮,清饮
ONI5,银结通,银结通
ONI6,福利彩票,福利彩票
ONI7,国退税,国退税
ONI8,手机支付,手机支付
ONI9,羊城通,羊城通
ONIC,利现,现金支取时支付利息
ONIL,贷款利息,贷款利息
ONIO,透支息,透支息
ONIR,贷款补偿金,贷款补偿金
ONIS,代付保险,代付保险
ONIT,利转,转账支取时支付利息
ONIV,逾期贷款利,逾期贷款利
ONIZ,国债利息,国债利息
ONJ7,我Ｐ消联卡,我Ｐ消联卡
ONJA,本行手续费,本行卡本行机手续费
ONJB,POS核对,POS消费核对
ONJC,代收手续费,代收银联手续费
ONJD,消费转银联,本行银联消费转银联
ONJE,网上消费核,网上消费核对
ONJF,网上手续费,网上消费手续费
ONJG,消费手续费,中心卡消费手续费
ONJH,本行POS,中心卡在我行机消费
ONJI,POS核对,POS消费核对
ONJK,银联手续费,本行卡银联手续费
ONJL,消费转商户,网上消费转商户
ONJM,消费转商户,信用卡我行POS消转商户
ONJN,暂收手续费,信用卡我消费暂收手
ONJO,消费转银联,信用卡银联消费转银
ONJP,银联手续费,信用卡银联消费代手
ONJQ,暂收手续费,信用卡银联消费暂手
ONJR,转总中心,信用卡总心消费转总
ONJS,暂收手续费,信用卡总心消暂收手
ONJT,基金分红,基金分红
ONJU,基金赎回,基金赎回
ONJV,本行POS,本行POS银联卡
ONJW,其它返还,其它返还
ONJX,POS银联冲,POS银联冲
ONJY,POS总中冲,POS总中冲
ONJZ,本行POS,本行卡本行机消费
ONKJ,跨境转帐,跨境转帐
ONKN,结汇,结汇
ONLA,离岸转帐,离岸转帐
ONLC,联通充值券,联通充值券
ONLD,长话,拨打长话
ONLE,透支放款,国际借记卡透支放款
ONLH,收透支款,国际卡收透支款
ONLI,收透支息,国际卡收透支利息
ONLN,按揭,按揭
ONLO,按揭,按揭
ONLY,收逾期款,收逾期款
ONMA,物业管理,物业管理费
ONMB,医疗福利费,医疗福利费
ONMC,移动电话,移动电话
ONMF,信息费,信息费
ONMO,手机开机费,手机开机费
ONN1,线上直付,银行卡直付
ONN2,掌上消费,掌上生活消费
ONN3,一网通支付,一网通支付
ONN4,一网通支付,一网通支付代扣
ONN5,一网通支付,一网通支付（生活缴费）
ONN6,支付撤销,一网通二维码支付撤销（银联商户）
ONN7,一网通支付,一网通支付
ONN8,网关手续费,网关商户先收后返暂挂手续费
ONN9,一网通手续,一网通商户先收后返暂挂手续费
ONNA,网上手续费,网上手续费
ONNC,银联退款,银联退款
ONND,银联扣款,银联扣款
ONNE,网上消费,网上消费
ONNF,跨行银联转,跨行银联转
ONNG,直付通消费,直付通在消费类商户的交易
ONNH,网同转帐手,网同转帐手
ONNK,直付通交易,直付通在双向类商户的交易（买卖）
ONNL,跨行转账手,跨行转账手
ONNO,银联转出,银联转出
ONNP,银联消费,银联消费
ONNQ,银联跨转入,银联跨转入
ONNR,银联扫码,银联扫码业务
ONNS,银联消费,银联消费
ONNT,银联,银联
ONNU,退网转汇手,退网转汇手
ONNV,直付通转账,由直付通及第三方平台实现的转账
ONNW,网异普汇手,网异普汇手
ONNX,网异快汇手,网异快汇手
ONNZ,网上支付,网上支付
ONOF,现金交易手,现金交易手
ONOH,柜同转帐手,柜同转帐手
ONOI,证券手续费,证券手续费
ONON,专业版手续,专业版手续
ONOU,退柜转汇手,退柜转汇手
ONOW,柜异普汇手,柜异普汇手
ONOX,柜异快汇手,柜异快汇手
ONOY,柜异存取手,柜异存取手
ONOZ,其它手续费,其它手续费
ONP8,预授权,预授权
ONP9,预授权完成,预授权完成
ONPA,冲还贷,冲还贷
ONPB,自助国债售,自助国债售
ONPC,预付卡代售,支付机构预付卡代销
ONPD,自助国债兑,自助国债兑
ONPE,养老,养老
ONPF,国债手续费,国债手续费
ONPG,传呼,传呼
ONPI,代发资金,代发资金
ONPK,代扣资金,代扣资金
ONPO,银联商户,银联商户
ONPP,IP电话费,IP电话费
ONPS,贵宾登机,贵宾登机
ONPT,登机服务费,电话银行登机服务费
ONPX,对账单手续,对账单手续
ONPZ,奖金发放,奖金发放
ONQB,期权买入,期权买入
ONQJ,期权结清,期权结清
ONQS,期权卖出,期权卖出
ONRA,委托购汇,国际借记卡委托购汇
ONRB,日元余数补,日元余数补
ONRT,转账结汇,转账结汇
ONRX,异地手续,异地ATM取款手续费
ONRY,ATM手续冲,ATM手续冲
ONS2,基金申购公,基金申购公
ONSA,工资,工资
ONSB,本行消费,本行消费
ONSC,预授权,预授权
ONSD,追加,追加
ONSE,证券交易,证券交易
ONSF,质押贷款,质押贷款
ONSG,太保期交,太保期交
ONSH,POS/EPS,POS/EPS
ONSI,社区缴费,社区缴费
ONSJ,证券（派）,证券（派）
ONSK,银证转账,银证转账
ONSL,Ｂ股手续,Ｂ股手续费
ONSM,贷款印花税,贷款印花税
ONSN,太保趸交,太保趸交
ONSO,同城认购,同城认购
ONSP,睡眠户收益,睡眠户收益
ONSQ,异地认购,异地认购
ONST,保证金转账,保证金户转账
ONSU,保险费,保险费
ONSV,转逾期,转逾期
ONSW,上网费,上网费
ONSX,手续费,银联手续费
ONSY,逾期贷款还,逾期贷款还
ONSZ,跨行转账手,跨行转账手
ONTA,网上专户,网上专户
ONTB,消费支付,消费支付
ONTC,外部转账,外部转账
ONTD,转出隔冲,转出隔冲
ONTE,转出隔补,转出隔补
ONTF,自助转帐,自助转帐
ONTH,退汇款手续,退汇款手续费
ONTI,利息税,利息税
ONTL,电话费,电话费
ONTO,电话服务,电话服务
ONTP,退转汇本金,退转汇本金
ONTR,转账,内部转账
ONTS,卡内转账,卡内转账
ONTU,学费,学费
ONTV,电视,电视费
ONTX,税款,税款
ONTY,异地汇转本,异地汇转本
ONTZ,同城汇转本,同城汇转本
ONUA,第三方存管,第三方存管
ONUE,额度转活期,额度转活期
ONUF,活期转额度,活期转额度
ONUG,主动还款,主动还款
ONUH,我行扣款,我行扣款
ONUI,非冻结还款,非冻结还款
ONUJ,冻结还款,冻结还款
ONUL,第三方还款,第三方还款
ONUP,报销,报销
ONVA,境外取款,国际借记卡境外取款
ONVB,VISA消费,VISA消费
ONVC,即时赎回,即时赎回
ONVD,即时分红,即时分红
ONVF,境外取款费,国际借记卡境外取款手续费
ONVG,受托分红,受托分红
ONVH,受托还本,受托还本
ONVI,受托申购,受托申购
ONVJ,受托赎回,受托赎回
ONVK,受托认购,受托认购
ONVL,认购费用,认购费用
ONVM,申购费用,申购费用
ONVN,赎回费用,赎回费用
ONVP,境外消费,国际借记卡境外消费
ONWA,稳健理财,稳健理财
ONWB,成长理财,成长理财
ONWC,稳健返还,稳健返还
ONWD,成长返还,成长返还
ONWE,水电,水电
ONWI,网通电话,网通电话
ONWJ,稳健理财,稳健理财
ONWK,成长理财,成长理财
ONWR,自来水费,自来水费
ONWS,神州转账,神州转账
ONWT,水费,水费
ONWW,污水费,污水费
ONXA,我ATM转,我行ATM转账缴款
ONXB,预借现金,信用卡储柜台预借现金
ONXC,缴存现金,信用卡柜台缴存现金
ONXD,柜转账缴款,柜转账缴款
ONXE,提回信用卡,会计提回入信用卡
ONXF,网转账缴款,网转账缴款
ONXG,电话转账缴,电话转账缴信用卡款
ONXH,自扣缴款,自动扣缴信用卡款
ONXI,转缴隔补,转缴隔补
ONXJ,缴款补账,信用卡柜台缴款隔日补
ONXK,预借现金冲,信用卡柜预借现隔日冲
ONXL,预借现金补,信用卡柜预借现隔日补
ONXM,信用卡代扣,信用卡代扣
ONXN,代发信用卡,代发信用卡
ONYA,债券开户费,柜台交易托管账户开户费
ONYB,债券过户费,柜台交易债券非交易过户费
ONYC,债券转出费,柜台交易转托管费
ONYD,债券买卖,柜台交易现券买卖
ONYE,债券利息,柜台交易债券利息
ONYF,债券本金,柜台交易债券本金
ONYG,溢财管理费,溢财管理费
ONYL,银联通转入,银联通转入
ONYM,银联通清算,银联通清算
ONYN,银联通调账,银联通调账
ONYP,跨行YPOS,跨行YPOS
ONYT,跨行YATM,跨行YATM
ONYW,一网通支付,一网通支付（收单）
ONZB,国债认购,国债认购
ONZC,储债提兑本,储债提兑本
ONZD,储蓄国债扣,储蓄国债扣
ONZF,国债转非托,国债转非托
ONZG,储蓄国债费,储蓄国债费
ONZH,储债付利息,储债付利息
ONZI,储债提兑利,储债提兑利
ONZJ,出行易,出行易
ONZK,电话保险,电话保险
ONZP,储债付本金,储债付本金
ONZT,国债转托管,国债转托管
ONZX,报名费,报名费
ONZY,商城快捷交,CMB商城快捷交易
OPIS,OPICS交易,OPICS交易
OTCP,专户转活期,境外投资专户－专户转活期
OTCS,关投资专户,境外投资专户关户利息
OZS1,掌上消费,掌上生活退货
OZS2,消费冲账,掌上生活消费冲账
OZS3,消费补账,掌上生活消费补账
OZS4,退货冲账,掌上生活退货冲账
OZS5,退货补账,掌上生活退货补账
PASY,批量转损益,挂账单批量转损益
PCH1,本行消费,本行消费
PCH2,银联消费,银联消费
PCH3,境外消费,国际卡境外消费
PCH4,电话支付,电话支付
PCH5,POS消费,本行POS消费
PCH6,POS消费,银联POS消费
PCHA,代理消费,本行POS代理消费交易
PCHY,POS下账,POS交易下账
PCHZ,POS过账,POS交易过账
PDAG,提前兑取,凭证式国债客户提前兑取转我行被动投资
PDAH,利息计提,凭证式国债被动投资部分分期付息投资下的利息计提
PDAI,收到利息,凭证式国债被动投资部分收到财政部下划的利息
PDAJ,到期归还,凭证式国债被动投资部分的本息到期归还
PDBY,国债购买,凭证式国债购买
PDCH,国债兑付,凭证式国债兑付
PDFE,兑付费用,凭证式国债提前兑付费用
PDFL,下划国债,总行向分行下划国债款项
PDIN,国债利息,凭证式国债利息
PDOV,自动结转,发行期＋1日自动结转
PDSB,国债短投,银行国债短期投资
PDTI,分行缴款,分行向总行缴国债款项
PDTO,上缴财政,总行向财政部上缴国债款项
PDTX,国债交易,凭证式国债交易
PDWN,国债收益结,国债收益结转
PF36,优化资金冻,摩羯一键优化资金冻结
PHCZ,账户充值,一网通账户（III类户）充值
PHL1,收红包入账,收红包入账
PHL2,退剩余红包,退剩余红包
PHL3,发红包扣款,发红包扣款
PHLA,企业红包,企业福利红包
PHLB,招行红包,招行福利红包
PHLC,行长红包,招商银行行长红包
PHLD,活动红包,活动现金红包
PHLK,红包,红包
PHPJ,支付结转,一网通账户支付结转
PHRJ,退货结转,一网通账户退货结转
PHTC,充值清算,一网通账户充值清算
PHTH,账户退货,一网通账户支付退货
PHTJ,充值结转,一网通账户充值结转
PHZF,账户支付,一网通账户支付
PKPB,银商清算,银商清算
PLAG,归还个贷,归还个人资产贷款
PLAP,归还消费易,归还消费易垫付款项
PLAR,证券化退票,贷资产证券化对外划款退票
PLAT,证券化划款,个贷资产证券化对外划款
PLAZ,归还周转易,归还周转易垫付款项
PLBA,个贷交易,个贷交易
PLBQ,个贷还利息,个贷还利息
PLBU,个贷放款,个贷放款
PLBV,个贷还本金,个贷还本金
PLBZ,个贷还复息,个贷还复息
PLCI,二手楼存入,二手楼资金监管资金存入
PLCO,二手楼释放,二手楼资金监管资金释放
PLCR,二手楼退回,二手楼对外支付退回
PLDT,溢缴款退还,溢缴款退还（周转易转账失败）
PLEA,退款还贷款,场景闪电贷商户退款自动还贷款
PLF0,随借功能费,随借功能使用费
PLF1,随还功能费,随还功能使用费
PLF2,自主月供费,自主月供功能使用费
PLF3,消费易功能,消费易功能使用费
PLF4,周转易功能,周转易功能使用费
PLF5,固定利率,固定利率变更违约金
PLF6,提前还款,提前还款违约金
PLF7,合同变更,合同要素变更违约金
PLF8,额度承诺费,贷款额度承诺费
PLF9,二手楼监管,二手楼监管手续费
PLFA,转让费用,转让费用
PLG1,非标投资,私人银行自营资金非标投资
PLG2,非标还本,私人银行自营资金非标投资还本
PLG3,非标付息,私人银行自营资金非标投资付息
PLG4,非标计提,私人银行自营资金非标投资计提
PLG5,非标冲计提,私人银行自营资金非标投资计提冲销
PLHA,抵债资产,零售个贷抵债资产确认登记
PLHB,抵债冲拨备,个贷冲回贷款减值损失
PLPV,零售个贷拨,零售个贷拨备
PLXW,小微免税,小微个贷免税调整
PNBL,贷款发放,个人质押贷款放款
PNBO,贷款逾期,个人质押贷款本金逾期
PNBR,贷款归还,个人质押贷款还款
PNBS,贷款本金,质押贷款本金
PNCP,补偿金,提前换款的补偿金
PNIJ,质押贷计提,储蓄质押贷款计提
PNIR,贷款利息,质押贷款利息
PNOV,逾期利息,质押贷款逾期利息
PNPS,贷款罚息,质押贷款罚息
PNTX,印花税,质押贷款印花税
PRI3,投资成交,投资成交
PRI4,投资失败,投资失败
PRL3,融资成交,融资成交
PROP,中登转账,上海中登转账
PRR1,融资还款,融资还款
PRR2,投资回款,投资回款
PRT1,理财转让,理财转让
PRT3,理财受让,理财受让
PSBY,买凭证费,购买凭证费用
PSLS,挂失凭证,挂失凭证费用
PTDI,他行柜面存,本行卡在他行柜面存款（银联柜面通渠道）
PTDO,他行柜面取,本行卡在他行柜面取款（银联柜面通渠道）
PTFI,转入,银联渠道转入
PTFO,转出,银联渠道转出
PXRS,贷记调账,银联无卡快捷贷记调账
PXSI,绑定卡转入,一卡通（II类）绑定卡转入
QBL1,ATM查询,ATM查询
QBL2,POS查询,POS查询
QCRA,提回清分,提回清分（二代）处理
QORA,跨境提回贷,跨境提回清分贷记清算账
QRTA,外汇汇款,外汇汇款（网上外汇清分系统专用）
QXQB,预借现金补,预借现金（全渠道）补账
QXQQ,预借现金转,预借现金转他行-银联全渠道
QXZT,预借现金转,预借现金转他行
RECC,现金圈存,电子现金卡现金圈存
RECD,圈存冲正,电子现金卡现金圈存冲正
RECW,现金圈提,现金圈提
REFC,IC卡退现,异常调账（现金）
REFE,IC卡退款,异常调账（转账）
REPB,本行消费,电子现金卡卡中心消费清算
REPC,本行消费补,电子现金卡卡中心消费调账
REPE,银联消费,电子现金卡银联消费清算
REPF,银联消费补,电子现金卡银联消费调账
REPK,IC卡残值,IC卡残值
RERA,卡中心退货,电子现金卡中心退货
RERB,IC卡银联退,IC卡银联退货
RERC,IC卡退圈存,IC卡退货圈存
RERD,冲IC卡退,IC卡退货圈存冲账
RERF,IC卡退结转,IC卡退货款项结转
RETC,转账圈存,电子现金卡转账圈存
RETD,转账圈存冲,转账圈存冲账
RETW,转账圈提,转账圈提
REUC,银联圈存,银联圈存
REUR,银联圈存冲,银联圈存冲账
RGTX,冲通用记,通用记账冲账
RHDF,还他行贷记,综合支付平台还他行贷记
RIMB,零售转账,手机号转账付款冻结
RIML,手机转账,向手机转账
RITF,零售转账,向任意第三方账户转帐
RMAF,异地代发,异地代发手续费
RMAK,异地代扣,异地代扣手续费
RMFE,异地费用,异地存、取款手续费A
RPAC,他行卡转入,柜台模拟ATM他行卡转入
RPBA,本行取款,本行ATM取款
RPCP,赊销支付,银联POS赊销支付
RPCR,实时代付收,实时代付业务收款
RPCT,预借现金,信用卡借现转储蓄
RPDC,银联柜面撤,银联柜面存款撤销
RPDI,银联柜面存,银联柜面存款
RPDO,银联柜面取,银联柜面取款
RPDP,实时代付付,实时代付业务付款
RPFC,银联转贷调,银联转账贷记调账
RPFD,银联转借调,银联转账借记调账
RPFI,银联转入,银联转入
RPFO,银联转出,银联转出
RPGC,本行公转私,本行ATM公司卡转一卡通
RPGG,本行公转公,本行ATM公司卡转公司卡
RPHD,现金分期,信用卡现金分期
RPIN,溢缴款领回,信用卡溢缴款领回
RPJC,银联现贷调,银联现金贷记调账
RPJD,银联现借调,银联现金借记调账
RPNT,网银预借现,网银预借现金
RPPA,财务POS,企业财务POS转账
RPPB,电话POS,电话转账POS
RPQI,二维码收款,公司卡银联二维码收款
RPQO,二维码付款,公司卡银联二维码付款
RPQP,二维码消费,公司卡银联二维码消费
RPUA,银联取款,银联ATM取款
RQCF,通道费,威富通第三方通道费
RQDZ,聚合垫资,聚合D1清算垫资
RQGH,聚合还垫资,聚合D1清算归还垫资
RQQF,清算分润,威富通渠道商分润
RQST,清分入账,威富通商户清分入账
RQTD,聚合通道费,聚合通道费
RQWF,服务费,威富通技术服务费
RRCR,实时代收收,实时代收业务收款
RRDP,实时代收付,实时代收业务付款
RSTX,境外准备金,境外准备金
RTGA,RTGA,RTGA
RVBN,线上支付,本行线上有卡支付
RVCA,跨行冲补帐,跨行交易贷记调帐处理
RVCF,跨行通兑费,跨行通兑手续费
RVDF,冲补账,冲补账处理
RVDO,跨行通兑,跨行通兑
RVDR,通兑退款,跨行通兑退款
RVMC,MoneySnd清,万事达MoneySend清算
RVN1,网银支付,网银专业版支付
RVN2,网银支付,网银银行卡直付
RVN3,网银退款,网银支付退款
RVN4,冲补账,借记卡冲补账处理
RVQP,人到人付款,一网通支付银联二维码人到人付款
RVQS,人到人收款,一网通支付银联二维码人到人收款
RVRA,跨行冲补帐,跨行交易退货处理
RVRP,跨行消费,跨行消费
RVUN,线上支付,银联线上有卡支付
RVZ1,额度发放,招联额度发放
RVZ2,额度退回,招联额度退回
RVZ3,额度冻结,招联额度冻结
RVZ4,额度解冻,招联额度解冻
RXAB,代理退经办,代理行退经办修改
RXBB,退经办修改,网点退经办修改
RXBF,转账撤销,撤销入指定账户
RXBM,转账预授权,审理转账预授权
RXBN,转账预授权,次日转账预授权
RXBO,转账撤销,撤销入原汇出账户
RXCH,现金汇款,转账汇款－现金汇款
RXFA,转账费用,零售自助渠道转账手续费
RXFE,银联手续费,银联跨行手续费(调账)
RXFF,转账费用,零售转账手续费
RXFG,转账费用,汇兑手续费
RXFH,柜台取出,本行个人柜台取出
RXFK,柜台存入,本行个人柜台存入
RXRS,转账重提,零售汇出汇款重提
RXRT,退票重提,零售汇出退票重提
RXTF,转账汇款,零售汇出汇款
RXTH,本行转账,本行个人转账（柜台）
RXTP,代管转账,代管户口转账
RXTY,行内汇入,招行个人转账汇款转入
RYTB,汇入汇款,零售汇入汇款
RYTC,汇入撤消,零售汇入汇款撤销
RYTF,汇款退票,零售转账退票
SAAO,结构性补开,结构性存款开户补入
SACL,结构性关户,结构性存款关户支取
SAOP,结构性开户,结构性存款开户
SATK,浮动收益,结构性存款浮动收益资金
SATO,扣结构存款,扣划结构性存款
SCFP,供应链付,供应链定向支付转账
SCXJ,外币存借,外币上存下借
SDRP,深圳提回借,深圳金融提回借记
SETC,定制转账,快易理财定制转账
SETE,出行易销售,95555出行易产品销售
SETF,关联户转账,快易理财关联户口间转账
SETN,非定制转账,快易理财非定制转账
SETS,保险销售,95555电话保险销售
SFBR,缴费清算,自助缴费商户的清算
SFCB,充值清算,公交IC卡充值清算
SFCX,公交充值,公交IC卡充值
SFDK,第三方代扣,第三方代理一卡通扣款业务
SFFE,缴费收费,自助缴费的商户收费
SFIM,神州行充值,神州行充值
SFTA,ATM转账,ATM上向别人户口的自助转账
SFTC,自助转账,同一客户下的自助转账
SFTH,自助转账,向他人户口的自助转账
SFTN,非定制转账,非定制自助转账
SFTT,自助转账,向他行户口的自助转账
SFTX,自助缴费,自助缴费
SIA0,智能定期,智能定期开户
SIA1,智能定期,智能定期部分提前支取
SIA2,智能定期,智能定期关户支取
SJQB,e招贷补,e招贷（全渠道）补账
SJQQ,e招贷他行,e招贷转他行-银联全渠道
SJTH,e招贷他行,e招贷资金转他行借记卡
SJYK,E招贷,E招贷
SKBG,中金所交易,中金所资金转帐交易
SKBR,银证清算,银证转账清算
SKDB,商品中介清,商品支付中介汇总清算
SKDT,商品中介转,商品支付中介转账交易
SKFP,银期转账,银期转账机构客户银行结算账户与期货公司保证金互转
SKFU,银期转账,银期转账个人客户银行结算账户与期货公司保证金互转
SKGD,黄金交易,黄金交易
SKGI,国际版黄金,国际版黄金结算行业务
SKGP,黄金垫转贷,黄金个人垫款转贷款
SKPA,存管费计提,证券三方存管费计提
SKPB,银商清算,银商清算
SKPE,存管费计提,证券三方存管费计提
SKPF,FTP利差网,FTP利差网点入账
SKPT,存管费划拨,总行与券商开户网点之间的应收存管费划拨
SKRD,银证转账,银证转账(第三方存管)
SKSC,上清所会员,上海清算所现货清算会员系统
SKSD,招赢通交易,招赢通基金交易
SKSJ,刷卡生金,刷卡生金
SKTP,现货交易,现货交易系统
SKTX,银证转账,银证转账
SKYB,银保转账,机构客户发起银保转账出入金
SMA0,通知存款,通知存款开户
SMA1,通知存款,通知存款支取
SMA2,通知存款,通知存款关户
SMA6,企业通存,企业通知存款支取
SMA8,企业通知,企业通知存款关户
SMAA,通知转存,通知存款自动转存
SMI0,存本取息,存本取息开户
SMI1,存本取息,存本取息支取
SMI2,存本取息,存本取息关户
SMI5,同业定期,同业定期开户存入
SMI6,同业定期,同业定期支取
SMI8,同业定期,同业定期关户
SMW0,整存零取,整存零取开户
SMW1,整存零取,整存零取支取
SMW2,整存零取,整存零取关户
SSBN,银联清算,收单平台银联交易资金自动清算
SSCD,信用卡清算,银联代理信用卡交易汇总清算
SSIT,IBPS卡过账,IBPS信用卡清算资金过账
SSKK,实时扣款,信用卡实时扣款
SSN0,定活两便,定活两便开户
SSN1,定活两便,定活两便关户
SSN2,扣划,定活两便扣划
SSN3,定活开户撤,定活开户撤销
SSTC,自助转账,自助转账
SSTP,第三方清算,网银第三方支付组织资金清算
SSW0,整存整取,整存整取开户
SSW1,整存整取,整存整取部分提前支取
SSW2,整存整取,整存整取关户支取
SSW3,整存整取,整存整取
SSW4,整存整取,整存整取
SSW5,整存整取,整存整取
SSW6,整存整取,整存整取
SSW7,整存整取,整存整取
SSW8,整存整取,整存整取
SSW9,整存整取,整存整取
SSWA,自动转存,整存整取自动转存
SSWS,批量结息,协议类定期批量结息
STKC,深交所清算,深交所清算帐务
STPA,撤销退回,撤销退回
STTA,清算汇兑,电子汇兑清算
SUTB,苏州柜面通,苏州分行同城实时清算系统个人通存通兑
SXFE,银联手续费,银联跨行手续费(调账）
SYLX,联行结息,行内联行结息
T1AC,关户补入,整存整取关户补入
T1AD,支取补入,整存整取支取补入
T1AO,开户补入,整存整取开户补入
T1RC,关户撤销,整存整取关户撤销
T1RD,支取撤销,整存整取支取撤销
T1RO,开户撤销,整存整取开户撤销
T2AC,关户补入,零存整取关户补入
T2AD,支取补入,零存整取支取补入
T2AO,开户补入,零存整取开户补入
T2RC,关户撤销,零存整取关户撤销
T2RD,续存撤销,零存整取续存撤销
T2RO,开户撤销,零存整取开户撤销
T3AC,关户补入,整存零取关户补入
T3AD,支取补入,整存零取支取补入
T3AO,开户补入,整存零取开户补入
T3RC,关户撤销,整存零取关户撤销
T3RD,支取撤销,整存零取支取撤销
T3RO,开户撤销,整存零取开户撤销
T4AC,关户补入,存本取息关户补入
T4AD,支取补入,存本取息支取补入
T4AO,开户补入,存本取息开户补入
T4RC,关户撤销,存本取息关户撤销
T4RD,支取撤销,存本取息支取撤销
T4RO,开户撤销,存本取息开户撤销
T5AC,关户补入,定活两便关户补入
T5AD,支取补入,定活两便支取补入
T5AO,开户补入,定活两便开户补入
T5RC,关户撤销,定活两便关户撤销
T5RD,支取撤销,定活两便支取撤销
T5RO,开户撤销,定活两便开户撤销
T6AC,关户补入,通知存款关户补入
T6AD,支取补入,通知存款支取补入
T6AO,开户补入,通知存款开户补入
T6RC,关户撤销,通知存款关户撤销
T6RD,支取撤销,通知存款支取撤销
T6RO,开户撤销,通知存款开户撤销
T7AC,关户补入,教育储蓄关户补入
T7AD,支取补入,教育储蓄支取补入
T7AO,开户补入,教育储蓄开户补入
T7RC,关户撤销,教育储蓄关户撤销
T7RD,续存撤销,教育储蓄续存撤销
T7RO,开户撤销,教育储蓄开户撤销
T8AC,关户补入,智能定期关户补入
T8AD,支取补入,智能定期支取补入
T8AO,开户补入,智能定期开户补入
T8RC,关户撤销,智能定期关户撤销
T8RD,支取撤销,智能定期支取撤销
T8RO,开户撤销,智能定期开户撤销
TCRP,三方提回借,RI第三方贷记接收付款
TCRR,三方提回贷,RI第三方贷记接收收款
TCSR,三方提出借,RI第三方贷记发起收款
TDA1,享定存,享定存开户起息
TDA2,享定存,享定存部分支取
TDA3,享定存,享定存全额支取
TDA4,享定存,享定存还本付息
TDB1,招阳一号,招阳一号开户起息
TDB2,招阳一号,招阳一号全额支取
TDB3,招阳一号,招阳一号周期付息
TDB4,招阳一号,招阳一号还本付息
TDC1,招阳二号,招阳二号开户起息
TDC2,招阳二号,招阳二号部分支取
TDC3,招阳二号,招阳二号全额支取
TDC4,招阳二号,招阳二号还本付息
TDDT,业务扣划,定期系统业务扣划
TDE1,双币存款,双币存款开户申购
TDE2,双币存款,双币存款还本付息
TDTO,扣定期存款,扣划定期存款
TGBJ,托管费补计,托管费补充计提
TGCX,托管费冲销,托管费计提冲销
TGFE,托管费扣收,托管费系统扣收
TGJT,托管费计提,托管费计提
TKDP,提回存款,提回存款
TKDW,提回取款,提回取款
TKHK,还款退他行,综合还款退款到他行卡
TKJJ,滞留退他行,基金类退款到他行卡
TKLC,理财退他行,理财类退款到他行卡
TLFC,第三方代付,第三方代付款
TLFD,第三方代收,第三方代收款
TLFE,转入手续费,绑定账户转i理财手续费
TLFI,第三方转入,绑定账户转入
TRDA,提出借记,提出借记
TRDB,小额提回借,小额提回借
TRFA,客户转账,客户转账
TRIA,内部转账,内部转账
TRQA,提回清分,提回清分处理
TRQB,清分差错处,清分差错处理
TRRA,汇入汇款,汇入汇款
TRRB,提回付款,提回付款
TSDC,撤销登记,撤销发出委托收款收取费用
TSDD,发出登记,发出委托收款收取费用
TSFC,撤销付款,撤销接收委托收款付款
TSFK,委收付款,接收委托收款付款
TSRZ,委收入账,发出委托收款入账
TSZC,撤销入账,撤销发出委托收款入账
TX01,计提营业税,计提营业税
TX02,上缴营业税,上缴营业税
TX03,计提所得税,计提所得税
TX04,手续费预提,电子支付手续费预提
TX05,预提冲账,电子支付手续费预提冲销
TX06,商户手续费,电子支付商户后收手续费
TYHK,掌上生活回,掌上生活回馈金代付
TZSY,投资收益,投资收益确认
U1CP,银联付款,银联快捷付款
U1PV,银联备付金,银联备付金入账
U1PY,快捷支付,银联快捷支付
U1RT,银联退货,银联快捷退货
UCRP,授权提回借,RI授权第三方贷记接收付款
UCRR,授权提回贷,RI授权第三方贷记接收收款
UCSP,银联转账,银联代付转账
WDCG,改支取方,异地修改支取方式手续费
WDCS,柜台取现,柜台取现
WFTR,威富通内部,威富通内部户转账
WLZJ,网联资金,网联资金
WLZZ,网联资金新,网联资金新
WOFE,基金费结转,基金手续费结转
X4DS,地税税款,地税税款
X4GF,放公积金贷,发放公积金贷款
X4GH,还公积金贷,归还公积金贷款
X4GS,国税税款,国税税款
X4SB,社保基金,社保基金
XDAA,提出代收,重庆同城提出代收
XDAB,提出代付,重庆同城提出代付
XDAC,行内代收,重庆同城系统内代收
XDAD,行内代付,重庆同城系统内代付
XDAE,代扣手续费,重庆同城提回代收手续费
XDAF,代收付冲账,重庆同城代收付业务冲账
XDAG,代付退款,重庆同城代付业务失败退款
XDAH,提回代收,重庆同城提回代收
XDAI,提回代付,重庆同城提回代付
XDAJ,同城清算,重庆集中代收付清算
XDCM,同城清算,重庆分行同城支付系统清算
XICM,省内清算,云南省支付系统清算
XICZ,代收冲正,昆明同城代收类业务冲正
XIFH,非税划拨,云南同城非税划拨业务
XIFP,非税收缴,云南同城非税收缴业务
XIPF,批量代付,昆明同城批量代付业务
XIPS,批量代收,昆明同城批量代收业务
XISF,实时代付,昆明同城实时代付
XISS,实时代收,昆明同城实时代收
XITH,代付退汇,昆明同城代付退汇业务
XJBN,现金分期,现金分期转他行（银联）
XJQB,现金分期补,现金分期（全渠道）补账
XJQQ,现金分期转,现金分期转他行-银联全渠道
XYP1,信用卡还款,信用卡还款
XYPY,信用卡还款,信用卡还款
Y301,税款,税款
Y303,预算收入,预算收入（人行）
Y304,预算收入,预算收入
Y305,预算收入,预算收入
Y306,预算收入,预算收入
Y307,预算收入,预算收入
Y308,预算收入,预算收入
Y309,预算收入,预算收入
Y310,预算收入,预算收入
Y311,预算收入,预算收入
Y312,预算收入,预算收入
Y313,预算收入,预算收入
Y314,预算收入,预算收入
Y315,预算收入,预算收入
Y316,预算收入,预算收入
Y317,预算收入,预算收入
Y318,预算收入,预算收入
Y319,预算收入,预算收入
Y320,预算收入,预算收入
Y321,预算收入,预算收入
Y322,预算收入,预算收入
Y323,预算收入,预算收入
Y324,预算收入,预算收入
Y325,预算收入,预算收入
Y326,预算收入,预算收入
Y327,预算收入,预算收入
Y328,预算收入,预算收入
Y329,预算收入,预算收入
Y330,预算收入,预算收入
Y331,预算收入,预算收入
Y332,预算收入,预算收入
Y333,预算收入,预算收入
Y334,预算收入,预算收入
Y335,报解预算款,鄞州区待报解中央预算
Y336,预算收入,预算收入
Y337,预算收入,预算收入
Y338,预算收入,预算收入
Y339,预算收入,预算收入
Y340,预算收入,预算收入
Y341,预算收入,预算收入
Y342,预算收入,预算收入
Y343,乡镇国库款,乡镇国库存款
Y344,乡镇国库款,乡镇财政库款过渡户
Y345,乡镇国库款,乡镇国库存款
Y346,乡镇国库款,乡镇国库存款
Y347,国债,国债
Y3AA,电费,电费
Y3AC,电费,电费
Y3AD,电费,电费
Y3AE,电费,电费
Y3AF,电费,电费
Y3AG,水电费,水电费
Y3AH,电费,电费
Y3AI,电费,电费
Y3AJ,电费,电费
Y3AK,电费,电费
Y3AL,电费,电费
Y3AO,电费,电费
Y3AP,电费,电费
Y3AT,电费,电费
Y3AV,电费,电费
Y3AX,电费,电费
Y3AY,电费,电费
Y3AZ,电话费,电话费
Y3BA,电话费,电话费
Y3BB,电话费,电话费
Y3BC,移动电话费,移动电话话费
Y3BD,移动电话费,移动电话费
Y3BE,移动电话费,移动电话话费
Y3BF,电话费,电话费
Y3BG,移动电话费,移动电话话费
Y3BH,联通话费,中国联通移动话费
Y3BI,电话费,电话费
Y3BJ,邮电费,邮电费
Y3BK,邮电费,邮电费
Y3BL,邮电费,邮电费
Y3BM,电话费,电话费
Y3BN,移动电话费,移动话费
Y3BO,广联网费,广联网业务费
Y3BP,电信,电信
Y3CA,邮费,邮费
Y3CB,电话费,电话费
Y3CC,移动话费,移动话费
Y3CD,电话费,电话费
Y3CF,电话费,电话费
Y3CG,金桥IP费,金桥网络服务费
Y3CI,电话费,电话费
Y3CJ,联通长途费,中国联通长途电话费
Y3CM,联通寻呼,联通寻呼服务费
Y3CN,IP话费,ＩＰ电话资费
Y3CP,电话费,电话费
Y3CQ,电信增值费,话费增值电信业务服务
Y3CS,移动话费,移动话费
Y3CT,电话费,电话费
Y3CU,电话费,电话费
Y3CV,电话费,电话费
Y3CW,移动电话费,移动电话通信费
Y3CX,电话费,电话费
Y3CY,电话费,电话费
Y3CZ,移动话费,移动话费
Y3DA,超计划水费,超计划用水加价水费
Y3DB,水费,水费
Y3DC,水费,自来水水费
Y3DD,网通费,网通费
Y3DE,水费,水费
Y3DF,水费,水费
Y3DG,超计划水费,超计划用水收费
Y3DH,自来水费,自来水费
Y3DI,水费,水费
Y3DJ,水费,水费
Y3DK,水费,水费
Y3DL,水费,水费
Y3DM,水电费,水电费
Y3DN,水费,水费
Y3DO,自来水费,自来水费
Y3DP,水费,水费
Y3DQ,自来水费,自来水费
Y3DR,自来水费,自来水费
Y3DS,水费,水费
Y3DT,水费,水费
Y3DV,水费,水费
Y3DW,水电,水电
Y3DX,水费,水费
Y3DY,水费,水费
Y3DZ,水费,水费
Y3EA,供热汽费,供热用／蒸汽费
Y3EB,供热汽费,供热用／汽费
Y3EC,供热汽费,供热用／汽费
Y3ED,供热,供热
Y3EE,养路费,养路费
Y3EF,供热汽费,供热用汽费
Y3EG,供热汽费,供热用汽费
Y3FA,房租,房租
Y3FB,房租,房租
Y3FC,房租,房租
Y3FD,房租,房租
Y3FE,房租费,房租费
Y3GA,医疗基金,大病公伤生育基金
Y3GB,医疗基金,工伤医疗保险基金
Y3GC,失业保险,失业保险基金
Y3GD,医疗保险,城镇职工医疗保险费
Y3GE,养老保险金,养老保险金
Y3GF,养老基金,奉化市退休养老基金
Y3GG,劳动保险金,奉化市社会劳动保险基
Y3GH,失业保险金,失业保险基金
Y3GI,养老保险金,基本养老保险基金
Y3GJ,医疗保险金,医疗保险金
Y3GK,养老保险金,０１０１基本养老保险
Y3GL,养老保险金,养老保险基金
Y3GN,养老保险金,社会养老保险基金
Y3GO,失业保险金,失业保险金
Y3GP,养老保险金,养老保险金，生育保险
Y3GQ,医疗保险金,医疗保险金
Y3GS,生育金,生育金
Y3GU,养老保险,机关事业单位养老保险
Y3GX,养老保险费,养老保险费
Y3GY,养老保险费,养老保险费
Y3GZ,生育保险金,女职工生育保险基金
Y3HB,住房公积金,住房公积金
Y3HC,住房公积金,住房公积金
Y3HD,住房公积金,住房公积金
Y3HE,住房公积金,住房公积金
Y3HF,住房公积金,住房公积金
Y3HG,住房公积金,住房公积金
Y3HH,住房公积金,住房公积金
Y3HI,房屋租金,房屋租金
Y3HJ,住房公积金,住房公积金
Y3HK,住房公积金,住房公积金
Y3HL,住房公积金,住房公积金
Y3HM,公积金,公积金
Y3HN,住房公积金,住房公积金
Y3HO,住房公积金,住房公积金
Y3HP,住房公积金,住房公积金
Y3HQ,住房公积金,住房公积金
Y3HR,住房公积金,住房公积金
Y3HS,住房公积金,住房公积金
Y3HT,住房公积金,住房公积金
Y3HV,住房公积金,住房公积金
Y3HW,公积金,公积金
Y3HX,公积金,公积金
Y3IA,廉政公积金,廉政公积金
Y3JA,退休门诊,企业退休职工门诊医疗
Y3JB,养老保险,养老金保险金
Y3JC,养老保险,养老保险
Y3JE,医疗保险,医疗保险费
Y3JF,社保费,社会保险费（养老．失
Y3JG,社保基金,社会保险基金
Y3JH,医疗保险,医疗保险基金
Y3JI,养老保险,事业单位养老保险金
Y3JJ,大病公伤,大病公伤
Y3JL,养老保险,机关社保养老保险金
Y3JM,再就业基金,再就业基金
Y3JN,养老保险,基本养老保险基金
Y3JO,失业保险,失业保险基金
Y3JP,医疗保险费,职工医疗保险费
Y3JQ,医疗保险金,基本医疗保险金
Y3JR,工伤保险,工伤保险基金
Y3JT,医疗保险,医疗保险基金
Y3JU,保险基金,保险基金
Y3JV,社会保障金,社会保障金
Y3JW,养老保险,养老保险基金
Y3JX,社保及附加,社会保险费及附加
Y3KD,电费,电费
Y3KE,电费,电费
Y3KH,电费,电费
Y3KI,电费,电费
Y3KJ,电费,电费
Y3KK,电费,电费
Y3KL,电费,电费
Y3KM,电费,电费
Y3KN,电费,电费
Y3KR,电费,电费
Y3KS,电费及其他,电费及相关费用
Y3KT,电费,电费
Y3KU,电费,电费
Y3KV,电费,电费
Y3KW,电费,电费
Y3LA,管道煤气,管道煤气
Y3LC,天然气,天然气
Y3LD,燃气费,燃气费
Y3LE,管道液化气,管道液化气费
Y3LF,管道燃气,管道燃气
Y3MB,排污费,排污费
Y3MC,排污费,排污费
Y3MD,水费,水费
Y3ME,水费,水费
Y3MF,水费,水费
Y3MG,水费,水费
Y3MI,水费,水费
Y3MJ,排污费,排污费
Y3MK,水费,水费
Y3ML,水费,水费
Y3MM,超价水费,超价水费
Y3MN,自来水费,自来水费
Y3MO,水费,水费
Y3NA,一卡通服务,一卡通服务费
Y3NB,养路费,养路费
Y3NC,养路费,养路费
Y3ND,水电费,水费，电费
Y3NE,水电费,水电费
Y3NF,农发基金,农发基金
Y3NG,农发基金,农发基金
Y3NH,农发基金,农发基金
Y3NI,农发基金,农发基金
Y3OA,电话费,电话费
Y3OB,电话费,电话费
Y3OC,电信通信费,电信通信费
Y3OD,电话费,电话费
Y3OF,电话费,电话费
Y3OG,电信通信费,电信通信费
Y3OH,电信通信费,电信通信费
Y3OI,电信收费,电信收费
Y3OJ,电话费,电话费
Y3OK,电话通信费,电话通信费
Y3OM,移动话费,移动话费
Y3ON,电话费,电话费
Y3OO,电话费,电话费
Y3PA,邮费,邮寄信件费用
Y3PB,邮费,邮费
Y3PC,网络使用费,网络使用费
Y3PD,网络使用费,网络使用费
Y3PE,网络使用费,网络使用费
Y3QL,电费,电费
Y3QM,电费,电费
Y3QN,电费,电费
Y3QO,超发差价,超发电力差价
Y3QP,电费,电费
Y3QQ,资金,住房维修资金
Y3QR,供电,慈溪市供电局范市供电
Y3QT,电费,电费
Y3QU,供热供电,供热供电
Y3ZF,支付宝划账,支付宝转账提现
Y4A1,国税扣税,国税扣税
Y4A2,地税扣税,地税扣税
Y4A3,国税退税,国税退税
Y4A4,地税退税,地税退税
Y4A5,湛江批量,湛江批量
Y4A6,代收付清算,代收付清算
Y4A7,企业收款,企业收款
Y4A8,公积金贷款,公积金贷款
Y4A9,公积金还款,公积金还款
Y4B1,公积金汇缴,公积金汇缴
Y4B2,公积金提取,公积金提取
Y4B3,存款担保,存款担保POS
Y4B4,易票联电费,易票联电费
Y4B5,天安卡充值,天安卡充值
Y4B6,移动收单款,移动收单款
Y4B7,ETS入账,省ETS财政专户入账
Y4B8,ETS清算,省ETS清算
Y4B9,广东非税,广东非税
Y4BC,批量贷记,广东金融结算服务系统定期贷记业务
Y4BD,批量借记,广东金融结算服务系统定期借记业务
Y4C1,变更转账,销户结清转账
Y4C2,异地转账,异地转出转账
Y4C3,资金监管,个人存款资金监管转账
Y4ES,ETS缴税,ETS电子缴税
Y4FE,交费易缴费,交费易缴费
Y4HL,业务挂账,广州3A支付系统实时业务挂账
Y4YT,粤通卡代扣,粤通卡代扣费
Y601,一户通清算,一户通清算
Y602,代收付清算,代收付清算
Y603,深国库支付,深圳分行国库集中支付行内划拨转账
Y604,市民通退款,市民通退款
Y6FW,发放个人委,发放个人委托贷款
Y6HW,归还个人委,归还个人委托贷款
Y6IW,个人委托贷,个人委托贷款利息
Y6NJ,企业年金,企业年金
Y6TD,提回实时借,深圳金融结算系统提回实时借记
YACC,现金贷方,
YACD,现金借方,
YACS,现金,
YAIC,活期息收入,活期息收入
YAID,活期息支出,活期息支出
YAIN,活期利息,
YB01,回收欠款,北京财政支付新系统对接回收欠款（销账）
YB02,资金转帐,北京财政支付新系统对接清算账户至支付账户资金转帐
YB03,回收额度,北京财政支付新系统对接回收额度（挂账）
YCBB,航付通B2B,航付通B2B
YCBL,百联转账,上海百联协议转账
YCCM,沪汇总清算,上海支付综合业务系统资金清算
YCDF,实时代付,上海同城实时代付业务
YCDS,实时代收,上海同城实时代收业务
YCGJ,集团归集,上海同城集团归集业务
YCHB,资金划拨,上海同城集团划拨业务
YCJF,代收拒付,上海同城代收拒付业务
YCPC,票交撤销,上海票交清算撤销
YCPF,批量代付,上海同城批量代付业务
YCPJ,票交清算,上海票交清算
YCPS,批量代收,上海同城批量代收业务
YCTH,代付退汇,上海同城代付退汇业务
YCWF,委托付款,上海同城集团委托付款业务
YCXE,定借入账,上海定借批量入账
YDFS,非税缴款,非税缴款
YDFW,房屋款,房屋款
YDGK,国库支付,国库支付
YDGS,高速ETC,湖南省高速ETC
YDJT,交通规费,交通规费
YDLQ,路桥费,路桥费
YEPC,提回借出款,个人提回借记出款
YEPD,提出借入账,个人提出借记入账
YEPF,提出借收费,个人提出借记费用
YEPR,提回借冲正,个人提回借记冲正
YETC,电子支付,武汉同城电子支付交易
YETF,电子支付费,武汉同城电子支付手续费
YETT,电子支付差,武汉同城支付差清算
YFTB,南通柜面通,南通分行同城实时清算系统个人通存通兑
YJBN,溢缴款领回,溢缴款领回转他行（银联）
YJFR,行内预借分,行内预借分润
YJQB,溢缴款补,溢缴款领回（全渠道）补账
YJQQ,溢缴款转他,溢缴款转他行-银联全渠道
YKBF,备付金付款,银联快捷支付备付金付款
YKBS,备付金收款,银联快捷支付备付金收款
YKCE,外部充值,信用卡E+账户外部充值
YKDE,外部汇出,外部汇出
YKGZ,银快捷挂账,银联快捷支付挂账
YKHK,一卡通代扣,一卡通代扣还款他行信用卡
YKJJ,本行买基金,购买基金一卡通资金代扣
YKJS,借记卡收入,银联快捷支付借记卡收入
YKJZ,借记卡支出,银联快捷支付借记卡支出
YKQS,银快捷清算,银联快捷支付清算
YKRT,资金转回,E招贷退货资金转回
YKSX,手工销账,银联快捷支付手工销账
YKTK,滞留退款,信用卡E+账户滞留退款
YKXJ,信用卡记账,银联快捷支付信用卡记账
YKXS,信用卡收入,银联快捷支付信用卡收入
YKXT,信用卡调账,银联快捷支付信用卡调账
YKXX,信用卡销账,银联快捷支付信用卡销账
YKXZ,信用卡支出,银联快捷支付信用卡支出
YKYY,一卡通预约,一卡通预约还本行信用卡
YKZZ,理财转出,转出电子一卡通一卡通代扣
YWT1,银网通支付,银行间网络支付平台支付交易
Z421,自动清算,自动清算专用
ZBTH,E号贷转他,E号贷转他行银联
ZBYK,E号贷转本,E号贷转本行
ZBZT,E号贷转他,E号贷转他行人行
ZHFR,综合支付分,掌上生活综合支付分润
ZRHQ,转入活期,C+存款转入活期
N5PR,网联付款申请,网联付款申请

